SMILES,TARGET
CCCCCCCC\C=C/CCCCCCCCNC(=O)C(CCCCCOC(=O)CCCCCCC\C=C/CCCCCCCC)NCCCN(C)CCCN,0.475361577
CCCCCCCCCCCCCCCCCCNC(=O)C(CCCCCOC(=O)CCCCCCC\C=C/CCCCCCCC)NCCCN(C)CCCN,0.069627748
CCCCCCCCCCCCNC(=O)C(CCCCCOC(=O)CCCCCCC\C=C/CCCCCCCC)NCCCN(C)CCCN,3.245195483
CCCCCCCCCCCCCCNC(=O)C(CCCCCOC(=O)CCCCCCC\C=C/CCCCCCCC)NCCCN(C)CCCN,2.508356558
CCCCCCCCCCCCCCCCNC(=O)C(CCCCCOC(=O)CCCCCCC\C=C/CCCCCCCC)NCCCN(C)CCCN,5.427294087
CCCCCCCC\C=C/CCCCCCCCNC(=O)C(CCCCCOC(=O)CCCCCCC\C=C/CCCCCCCC)NCC1CCCN1CC,2.358905592
CCCCCCCCCCCCCCCCCCNC(=O)C(CCCCCOC(=O)CCCCCCC\C=C/CCCCCCCC)NCC1CCCN1CC,-0.261927903
CCCCCCCCCCCCNC(=O)C(CCCCCOC(=O)CCCCCCC\C=C/CCCCCCCC)NCC1CCCN1CC,0.263992634
CCCCCCCCCCCCCCNC(=O)C(CCCCCOC(=O)CCCCCCC\C=C/CCCCCCCC)NCC1CCCN1CC,-0.265149177
CCCCCCCCCCCCCCCCNC(=O)C(CCCCCOC(=O)CCCCCCC\C=C/CCCCCCCC)NCC1CCCN1CC,0.854711646
CCCCCCCC\C=C/CCCCCCCCNC(=O)C(CCCCCOC(=O)CCCCCCC\C=C/CCCCCCCC)NCCN1CCNCC1,0.149707077
CCCCCCCCCCCCCCCCCCNC(=O)C(CCCCCOC(=O)CCCCCCC\C=C/CCCCCCCC)NCCN1CCNCC1,-0.565265136
CCCCCCCCCCCCNC(=O)C(CCCCCOC(=O)CCCCCCC\C=C/CCCCCCCC)NCCN1CCNCC1,-0.139147782
CCCCCCCCCCCCCCNC(=O)C(CCCCCOC(=O)CCCCCCC\C=C/CCCCCCCC)NCCN1CCNCC1,0.749046849
CCCCCCCCCCCCCCCCNC(=O)C(CCCCCOC(=O)CCCCCCC\C=C/CCCCCCCC)NCCN1CCNCC1,2.801986011
CCCCCCCC\C=C/CCCCCCCCNC(=O)C(CCCCCOC(=O)CCCCCCC\C=C/CCCCCCCC)NC1CCNCC1,0.572777979
CCCCCCCCCCCCCCCCCCNC(=O)C(CCCCCOC(=O)CCCCCCC\C=C/CCCCCCCC)NC1CCNCC1,7.076530865
CCCCCCCCCCCCNC(=O)C(CCCCCOC(=O)CCCCCCC\C=C/CCCCCCCC)NC1CCNCC1,0.944948787
CCCCCCCCCCCCCCNC(=O)C(CCCCCOC(=O)CCCCCCC\C=C/CCCCCCCC)NC1CCNCC1,1.518686911
CCCCCCCCCCCCCCCCNC(=O)C(CCCCCOC(=O)CCCCCCC\C=C/CCCCCCCC)NC1CCNCC1,2.949984639
CCCCCCCC\C=C/CCCCCCCCNC(=O)C(CCCCCOC(=O)CCCCCCC\C=C/CCCCCCCC)NCCN(C)C,12.60902867
CCCCCCCCCCCCCCCCCCNC(=O)C(CCCCCOC(=O)CCCCCCC\C=C/CCCCCCCC)NCCN(C)C,-0.399794637
CCCCCCCCCCCCNC(=O)C(CCCCCOC(=O)CCCCCCC\C=C/CCCCCCCC)NCCN(C)C,4.960399935
CCCCCCCCCCCCCCNC(=O)C(CCCCCOC(=O)CCCCCCC\C=C/CCCCCCCC)NCCN(C)C,1.290112008
CCCCCCCCCCCCCCCCNC(=O)C(CCCCCOC(=O)CCCCCCC\C=C/CCCCCCCC)NCCN(C)C,6.459670599
CCCCCCCC\C=C/CCCCCCCCNC(=O)C(CCCCCOC(=O)CCCCCCC\C=C/CCCCCCCC)NCCCN(C)C,2.028066028
CCCCCCCCCCCCCCCCCCNC(=O)C(CCCCCOC(=O)CCCCCCC\C=C/CCCCCCCC)NCCCN(C)C,1.128930609
CCCCCCCCCCCCNC(=O)C(CCCCCOC(=O)CCCCCCC\C=C/CCCCCCCC)NCCCN(C)C,1.3041989
CCCCCCCCCCCCCCNC(=O)C(CCCCCOC(=O)CCCCCCC\C=C/CCCCCCCC)NCCCN(C)C,0.562844528
CCCCCCCCCCCCCCCCNC(=O)C(CCCCCOC(=O)CCCCCCC\C=C/CCCCCCCC)NCCCN(C)C,1.068240983
CCCCCCCC\C=C/CCCCCCCCNC(=O)C(CCCCCOC(=O)CCCCCCC\C=C/CCCCCCCC)NCCCN(CC)CC,5.941694963
CCCCCCCCCCCCCCCCCCNC(=O)C(CCCCCOC(=O)CCCCCCC\C=C/CCCCCCCC)NCCCN(CC)CC,1.443078314
CCCCCCCCCCCCNC(=O)C(CCCCCOC(=O)CCCCCCC\C=C/CCCCCCCC)NCCCN(CC)CC,9.036750365
CCCCCCCCCCCCCCNC(=O)C(CCCCCOC(=O)CCCCCCC\C=C/CCCCCCCC)NCCCN(CC)CC,9.607806483
CCCCCCCCCCCCCCCCNC(=O)C(CCCCCOC(=O)CCCCCCC\C=C/CCCCCCCC)NCCCN(CC)CC,8.341920011
CCCCCCCC\C=C/CCCCCCCCNC(=O)C(CCCCCOC(=O)CCCCCCC\C=C/CCCCCCCC)NCCCN(CCCC)CCCC,-0.280059072
CCCCCCCCCCCCCCCCCCNC(=O)C(CCCCCOC(=O)CCCCCCC\C=C/CCCCCCCC)NCCCN(CCCC)CCCC,1.017377879
CCCCCCCCCCCCNC(=O)C(CCCCCOC(=O)CCCCCCC\C=C/CCCCCCCC)NCCCN(CCCC)CCCC,2.482276837
CCCCCCCCCCCCCCNC(=O)C(CCCCCOC(=O)CCCCCCC\C=C/CCCCCCCC)NCCCN(CCCC)CCCC,1.983195286
CCCCCCCCCCCCCCCCNC(=O)C(CCCCCOC(=O)CCCCCCC\C=C/CCCCCCCC)NCCCN(CCCC)CCCC,2.70068768
CCCCCCCC\C=C/CCCCCCCCNC(=O)C(CCCCCOC(=O)CCCCCCC\C=C/CCCCCCCC)NCCCN1CCCC1,13.14953009
CCCCCCCCCCCCCCCCCCNC(=O)C(CCCCCOC(=O)CCCCCCC\C=C/CCCCCCCC)NCCCN1CCCC1,3.40542003
CCCCCCCCCCCCNC(=O)C(CCCCCOC(=O)CCCCCCC\C=C/CCCCCCCC)NCCCN1CCCC1,9.439204382
CCCCCCCCCCCCCCNC(=O)C(CCCCCOC(=O)CCCCCCC\C=C/CCCCCCCC)NCCCN1CCCC1,10.58995902
CCCCCCCCCCCCCCCCNC(=O)C(CCCCCOC(=O)CCCCCCC\C=C/CCCCCCCC)NCCCN1CCCC1,9.146291523
CCCCCCCC\C=C/CCCCCCCCNC(=O)C(CCCCCOC(=O)CCCCCCC\C=C/CCCCCCCC)NCCN(CC)CC,3.81948817
CCCCCCCCCCCCCCCCCCNC(=O)C(CCCCCOC(=O)CCCCCCC\C=C/CCCCCCCC)NCCN(CC)CC,2.583601009
CCCCCCCCCCCCNC(=O)C(CCCCCOC(=O)CCCCCCC\C=C/CCCCCCCC)NCCN(CC)CC,8.758083321
CCCCCCCCCCCCCCNC(=O)C(CCCCCOC(=O)CCCCCCC\C=C/CCCCCCCC)NCCN(CC)CC,11.33993178
CCCCCCCCCCCCCCCCNC(=O)C(CCCCCOC(=O)CCCCCCC\C=C/CCCCCCCC)NCCN(CC)CC,8.729814889
CCCCCCCC\C=C/CCCCCCCCNC(=O)C(CCCCCOC(=O)CCCCCCC\C=C/CCCCCCCC)NC1CCN(C)CC1,0.058893689
CCCCCCCCCCCCCCCCCCNC(=O)C(CCCCCOC(=O)CCCCCCC\C=C/CCCCCCCC)NC1CCN(C)CC1,-0.476170086
CCCCCCCCCCCCNC(=O)C(CCCCCOC(=O)CCCCCCC\C=C/CCCCCCCC)NC1CCN(C)CC1,0.252835398
CCCCCCCCCCCCCCNC(=O)C(CCCCCOC(=O)CCCCCCC\C=C/CCCCCCCC)NC1CCN(C)CC1,0.47993415
CCCCCCCCCCCCCCCCNC(=O)C(CCCCCOC(=O)CCCCCCC\C=C/CCCCCCCC)NC1CCN(C)CC1,0.886672596
CCCCCCCC\C=C/CCCCCCCCNC(=O)C(CCCCCOC(=O)CCCCCCC\C=C/CCCCCCCC)NC1=CNN=C1,10.55026581
CCCCCCCCCCCCCCCCCCNC(=O)C(CCCCCOC(=O)CCCCCCC\C=C/CCCCCCCC)NC1=CNN=C1,9.787692132
CCCCCCCCCCCCNC(=O)C(CCCCCOC(=O)CCCCCCC\C=C/CCCCCCCC)NC1=CNN=C1,9.248840331
CCCCCCCCCCCCCCNC(=O)C(CCCCCOC(=O)CCCCCCC\C=C/CCCCCCCC)NC1=CNN=C1,11.05687837
CCCCCCCCCCCCCCCCNC(=O)C(CCCCCOC(=O)CCCCCCC\C=C/CCCCCCCC)NC1=CNN=C1,3.595665263
CCCCCCCC\C=C/CCCCCCCCNC(=O)C(CCCCCOC(=O)CCCCCCC\C=C/CCCCCCCC)NC1=CC(C)=NN1C,0.115477217
CCCCCCCCCCCCCCCCCCNC(=O)C(CCCCCOC(=O)CCCCCCC\C=C/CCCCCCCC)NC1=CC(C)=NN1C,-0.370044438
CCCCCCCCCCCCNC(=O)C(CCCCCOC(=O)CCCCCCC\C=C/CCCCCCCC)NC1=CC(C)=NN1C,3.839429509
CCCCCCCCCCCCCCNC(=O)C(CCCCCOC(=O)CCCCCCC\C=C/CCCCCCCC)NC1=CC(C)=NN1C,-1.229235888
CCCCCCCCCCCCCCCCNC(=O)C(CCCCCOC(=O)CCCCCCC\C=C/CCCCCCCC)NC1=CC(C)=NN1C,-1.06765177
CCCCCCCC\C=C/CCCCCCCCNC(=O)C(CCCCCOC(=O)CCCCCCC\C=C/CCCCCCCC)NN1CCCCC1,1.273018494
CCCCCCCCCCCCCCCCCCNC(=O)C(CCCCCOC(=O)CCCCCCC\C=C/CCCCCCCC)NN1CCCCC1,0.304815447
CCCCCCCCCCCCNC(=O)C(CCCCCOC(=O)CCCCCCC\C=C/CCCCCCCC)NN1CCCCC1,3.552969717
CCCCCCCCCCCCCCNC(=O)C(CCCCCOC(=O)CCCCCCC\C=C/CCCCCCCC)NN1CCCCC1,1.264631368
CCCCCCCCCCCCCCCCNC(=O)C(CCCCCOC(=O)CCCCCCC\C=C/CCCCCCCC)NN1CCCCC1,0.785427408
CCCCCCCC\C=C/CCCCCCCCNC(=O)C(CCCCCOC(=O)CCCCCCC\C=C/CCCCCCCC)NCCN(CCN)CCN,3.849493606
CCCCCCCCCCCCCCCCCCNC(=O)C(CCCCCOC(=O)CCCCCCC\C=C/CCCCCCCC)NCCN(CCN)CCN,1.779316852
CCCCCCCCCCCCNC(=O)C(CCCCCOC(=O)CCCCCCC\C=C/CCCCCCCC)NCCN(CCN)CCN,4.642974886
CCCCCCCCCCCCCCNC(=O)C(CCCCCOC(=O)CCCCCCC\C=C/CCCCCCCC)NCCN(CCN)CCN,2.918105428
CCCCCCCCCCCCCCCCNC(=O)C(CCCCCOC(=O)CCCCCCC\C=C/CCCCCCCC)NCCN(CCN)CCN,3.501763864
CCCCCCCC\C=C/CCCCCCCCNC(=O)C(CCCCCOC(=O)CCCCCCC\C=C/CCCCCCCC)NCCN1CCCC1,2.48112669
CCCCCCCCCCCCCCCCCCNC(=O)C(CCCCCOC(=O)CCCCCCC\C=C/CCCCCCCC)NCCN1CCCC1,2.956487617
CCCCCCCCCCCCNC(=O)C(CCCCCOC(=O)CCCCCCC\C=C/CCCCCCCC)NCCN1CCCC1,5.91738134
CCCCCCCCCCCCCCNC(=O)C(CCCCCOC(=O)CCCCCCC\C=C/CCCCCCCC)NCCN1CCCC1,1.279674722
CCCCCCCCCCCCCCCCNC(=O)C(CCCCCOC(=O)CCCCCCC\C=C/CCCCCCCC)NCCN1CCCC1,1.187825674
CCCCCCCC\C=C/CCCCCCCCNC(=O)C(CCCCCOC(=O)CCCCCCC\C=C/CCCCCCCC)NCCN1CCCCC1,1.89077093
CCCCCCCCCCCCCCCCCCNC(=O)C(CCCCCOC(=O)CCCCCCC\C=C/CCCCCCCC)NCCN1CCCCC1,2.459182562
CCCCCCCCCCCCNC(=O)C(CCCCCOC(=O)CCCCCCC\C=C/CCCCCCCC)NCCN1CCCCC1,6.251839375
CCCCCCCCCCCCCCNC(=O)C(CCCCCOC(=O)CCCCCCC\C=C/CCCCCCCC)NCCN1CCCCC1,1.066391141
CCCCCCCCCCCCCCCCNC(=O)C(CCCCCOC(=O)CCCCCCC\C=C/CCCCCCCC)NCCN1CCCCC1,1.300591863
CCCCCCCC\C=C/CCCCCCCCNC(=O)C(CCCCCOC(=O)CCCCCCC\C=C/CCCCCCCC)NCCN(C(C)C)C(C)C,1.523561956
CCCCCCCCCCCCCCCCCCNC(=O)C(CCCCCOC(=O)CCCCCCC\C=C/CCCCCCCC)NCCN(C(C)C)C(C)C,7.535152432
CCCCCCCCCCCCNC(=O)C(CCCCCOC(=O)CCCCCCC\C=C/CCCCCCCC)NCCN(C(C)C)C(C)C,2.409382024
CCCCCCCCCCCCCCNC(=O)C(CCCCCOC(=O)CCCCCCC\C=C/CCCCCCCC)NCCN(C(C)C)C(C)C,-0.578325781
CCCCCCCCCCCCCCCCNC(=O)C(CCCCCOC(=O)CCCCCCC\C=C/CCCCCCCC)NCCN(C(C)C)C(C)C,-0.692916012
CCCCCCCC\C=C/CCCCCCCCNC(=O)C(CCCCCOC(=O)CCCCCCC\C=C/C\C=C/CCCCC)NCCCN(C)CCCN,4.951217853
CCCCCCCCCCCCCCCCCCNC(=O)C(CCCCCOC(=O)CCCCCCC\C=C/C\C=C/CCCCC)NCCCN(C)CCCN,-0.89792473
CCCCCCCCCCCCNC(=O)C(CCCCCOC(=O)CCCCCCC\C=C/C\C=C/CCCCC)NCCCN(C)CCCN,2.650515852
CCCCCCCCCCCCCCNC(=O)C(CCCCCOC(=O)CCCCCCC\C=C/C\C=C/CCCCC)NCCCN(C)CCCN,0.856778815
CCCCCCCCCCCCCCCCNC(=O)C(CCCCCOC(=O)CCCCCCC\C=C/C\C=C/CCCCC)NCCCN(C)CCCN,5.427294087
CCCCCCCC\C=C/CCCCCCCCNC(=O)C(CCCCCOC(=O)CCCCCCC\C=C/C\C=C/CCCCC)NCC1CCCN1CC,0.910448326
CCCCCCCCCCCCCCCCCCNC(=O)C(CCCCCOC(=O)CCCCCCC\C=C/C\C=C/CCCCC)NCC1CCCN1CC,0.520867674
CCCCCCCCCCCCNC(=O)C(CCCCCOC(=O)CCCCCCC\C=C/C\C=C/CCCCC)NCC1CCCN1CC,-1.580488229
CCCCCCCCCCCCCCNC(=O)C(CCCCCOC(=O)CCCCCCC\C=C/C\C=C/CCCCC)NCC1CCCN1CC,0.685813327
CCCCCCCCCCCCCCCCNC(=O)C(CCCCCOC(=O)CCCCCCC\C=C/C\C=C/CCCCC)NCC1CCCN1CC,0.854711646
CCCCCCCC\C=C/CCCCCCCCNC(=O)C(CCCCCOC(=O)CCCCCCC\C=C/C\C=C/CCCCC)NCCN1CCNCC1,2.20302662
CCCCCCCCCCCCCCCCCCNC(=O)C(CCCCCOC(=O)CCCCCCC\C=C/C\C=C/CCCCC)NCCN1CCNCC1,0.738639548
CCCCCCCCCCCCNC(=O)C(CCCCCOC(=O)CCCCCCC\C=C/C\C=C/CCCCC)NCCN1CCNCC1,1.912973225
CCCCCCCCCCCCCCNC(=O)C(CCCCCOC(=O)CCCCCCC\C=C/C\C=C/CCCCC)NCCN1CCNCC1,0.263568987
CCCCCCCCCCCCCCCCNC(=O)C(CCCCCOC(=O)CCCCCCC\C=C/C\C=C/CCCCC)NCCN1CCNCC1,2.801986011
CCCCCCCC\C=C/CCCCCCCCNC(=O)C(CCCCCOC(=O)CCCCCCC\C=C/C\C=C/CCCCC)NC1CCNCC1,2.465762763
CCCCCCCCCCCCCCCCCCNC(=O)C(CCCCCOC(=O)CCCCCCC\C=C/C\C=C/CCCCC)NC1CCNCC1,3.22167252
CCCCCCCCCCCCNC(=O)C(CCCCCOC(=O)CCCCCCC\C=C/C\C=C/CCCCC)NC1CCNCC1,1.37749139
CCCCCCCCCCCCCCNC(=O)C(CCCCCOC(=O)CCCCCCC\C=C/C\C=C/CCCCC)NC1CCNCC1,1.318144281
CCCCCCCCCCCCCCCCNC(=O)C(CCCCCOC(=O)CCCCCCC\C=C/C\C=C/CCCCC)NC1CCNCC1,2.949984639
CCCCCCCC\C=C/CCCCCCCCNC(=O)C(CCCCCOC(=O)CCCCCCC\C=C/C\C=C/CCCCC)NCCN(C)C,10.04517462
CCCCCCCCCCCCCCCCCCNC(=O)C(CCCCCOC(=O)CCCCCCC\C=C/C\C=C/CCCCC)NCCN(C)C,0.408158285
CCCCCCCCCCCCNC(=O)C(CCCCCOC(=O)CCCCCCC\C=C/C\C=C/CCCCC)NCCN(C)C,5.632357027
CCCCCCCCCCCCCCNC(=O)C(CCCCCOC(=O)CCCCCCC\C=C/C\C=C/CCCCC)NCCN(C)C,6.785652497
CCCCCCCCCCCCCCCCNC(=O)C(CCCCCOC(=O)CCCCCCC\C=C/C\C=C/CCCCC)NCCN(C)C,6.459670599
CCCCCCCC\C=C/CCCCCCCCNC(=O)C(CCCCCOC(=O)CCCCCCC\C=C/C\C=C/CCCCC)NCCCN(C)C,0.991500873
CCCCCCCCCCCCCCCCCCNC(=O)C(CCCCCOC(=O)CCCCCCC\C=C/C\C=C/CCCCC)NCCCN(C)C,1.20466548
CCCCCCCCCCCCNC(=O)C(CCCCCOC(=O)CCCCCCC\C=C/C\C=C/CCCCC)NCCCN(C)C,1.500474606
CCCCCCCCCCCCCCNC(=O)C(CCCCCOC(=O)CCCCCCC\C=C/C\C=C/CCCCC)NCCCN(C)C,3.145475676
CCCCCCCCCCCCCCCCNC(=O)C(CCCCCOC(=O)CCCCCCC\C=C/C\C=C/CCCCC)NCCCN(C)C,1.068240983
CCCCCCCC\C=C/CCCCCCCCNC(=O)C(CCCCCOC(=O)CCCCCCC\C=C/C\C=C/CCCCC)NCCCN(CC)CC,6.473432819
CCCCCCCCCCCCCCCCCCNC(=O)C(CCCCCOC(=O)CCCCCCC\C=C/C\C=C/CCCCC)NCCCN(CC)CC,2.619365746
CCCCCCCCCCCCNC(=O)C(CCCCCOC(=O)CCCCCCC\C=C/C\C=C/CCCCC)NCCCN(CC)CC,9.389192068
CCCCCCCCCCCCCCNC(=O)C(CCCCCOC(=O)CCCCCCC\C=C/C\C=C/CCCCC)NCCCN(CC)CC,9.930272708
CCCCCCCCCCCCCCCCNC(=O)C(CCCCCOC(=O)CCCCCCC\C=C/C\C=C/CCCCC)NCCCN(CC)CC,8.341920011
CCCCCCCC\C=C/CCCCCCCCNC(=O)C(CCCCCOC(=O)CCCCCCC\C=C/C\C=C/CCCCC)NCCCN(CCCC)CCCC,0.01785072
CCCCCCCCCCCCCCCCCCNC(=O)C(CCCCCOC(=O)CCCCCCC\C=C/C\C=C/CCCCC)NCCCN(CCCC)CCCC,-0.138983022
CCCCCCCCCCCCNC(=O)C(CCCCCOC(=O)CCCCCCC\C=C/C\C=C/CCCCC)NCCCN(CCCC)CCCC,1.362420399
CCCCCCCCCCCCCCNC(=O)C(CCCCCOC(=O)CCCCCCC\C=C/C\C=C/CCCCC)NCCCN(CCCC)CCCC,1.002034074
CCCCCCCCCCCCCCCCNC(=O)C(CCCCCOC(=O)CCCCCCC\C=C/C\C=C/CCCCC)NCCCN(CCCC)CCCC,2.70068768
CCCCCCCC\C=C/CCCCCCCCNC(=O)C(CCCCCOC(=O)CCCCCCC\C=C/C\C=C/CCCCC)NCCCN1CCCC1,6.700190843
CCCCCCCCCCCCCCCCCCNC(=O)C(CCCCCOC(=O)CCCCCCC\C=C/C\C=C/CCCCC)NCCCN1CCCC1,2.952271098
CCCCCCCCCCCCNC(=O)C(CCCCCOC(=O)CCCCCCC\C=C/C\C=C/CCCCC)NCCCN1CCCC1,9.7656056
CCCCCCCCCCCCCCNC(=O)C(CCCCCOC(=O)CCCCCCC\C=C/C\C=C/CCCCC)NCCCN1CCCC1,10.90124442
CCCCCCCCCCCCCCCCNC(=O)C(CCCCCOC(=O)CCCCCCC\C=C/C\C=C/CCCCC)NCCCN1CCCC1,9.146291523
CCCCCCCC\C=C/CCCCCCCCNC(=O)C(CCCCCOC(=O)CCCCCCC\C=C/C\C=C/CCCCC)NCCN(CC)CC,6.520823535
CCCCCCCCCCCCCCCCCCNC(=O)C(CCCCCOC(=O)CCCCCCC\C=C/C\C=C/CCCCC)NCCN(CC)CC,5.106008323
CCCCCCCCCCCCNC(=O)C(CCCCCOC(=O)CCCCCCC\C=C/C\C=C/CCCCC)NCCN(CC)CC,6.619029881
CCCCCCCCCCCCCCNC(=O)C(CCCCCOC(=O)CCCCCCC\C=C/C\C=C/CCCCC)NCCN(CC)CC,11.02696813
CCCCCCCCCCCCCCCCNC(=O)C(CCCCCOC(=O)CCCCCCC\C=C/C\C=C/CCCCC)NCCN(CC)CC,8.729814889
CCCCCCCC\C=C/CCCCCCCCNC(=O)C(CCCCCOC(=O)CCCCCCC\C=C/C\C=C/CCCCC)NC1CCN(C)CC1,2.044394119
CCCCCCCCCCCCCCCCCCNC(=O)C(CCCCCOC(=O)CCCCCCC\C=C/C\C=C/CCCCC)NC1CCN(C)CC1,0.147455409
CCCCCCCCCCCCNC(=O)C(CCCCCOC(=O)CCCCCCC\C=C/C\C=C/CCCCC)NC1CCN(C)CC1,0.203119121
CCCCCCCCCCCCCCNC(=O)C(CCCCCOC(=O)CCCCCCC\C=C/C\C=C/CCCCC)NC1CCN(C)CC1,0.914110888
CCCCCCCCCCCCCCCCNC(=O)C(CCCCCOC(=O)CCCCCCC\C=C/C\C=C/CCCCC)NC1CCN(C)CC1,0.886672596
CCCCCCCC\C=C/CCCCCCCCNC(=O)C(CCCCCOC(=O)CCCCCCC\C=C/C\C=C/CCCCC)NC1=CNN=C1,3.353194815
CCCCCCCCCCCCCCCCCCNC(=O)C(CCCCCOC(=O)CCCCCCC\C=C/C\C=C/CCCCC)NC1=CNN=C1,1.134705857
CCCCCCCCCCCCNC(=O)C(CCCCCOC(=O)CCCCCCC\C=C/C\C=C/CCCCC)NC1=CNN=C1,1.606629398
CCCCCCCCCCCCCCNC(=O)C(CCCCCOC(=O)CCCCCCC\C=C/C\C=C/CCCCC)NC1=CNN=C1,0.457180663
CCCCCCCCCCCCCCCCNC(=O)C(CCCCCOC(=O)CCCCCCC\C=C/C\C=C/CCCCC)NC1=CNN=C1,3.595665263
CCCCCCCC\C=C/CCCCCCCCNC(=O)C(CCCCCOC(=O)CCCCCCC\C=C/C\C=C/CCCCC)NC1=CC(C)=NN1C,0.058893689
CCCCCCCCCCCCCCCCCCNC(=O)C(CCCCCOC(=O)CCCCCCC\C=C/C\C=C/CCCCC)NC1=CC(C)=NN1C,-0.670776236
CCCCCCCCCCCCNC(=O)C(CCCCCOC(=O)CCCCCCC\C=C/C\C=C/CCCCC)NC1=CC(C)=NN1C,0.29643511
CCCCCCCCCCCCCCNC(=O)C(CCCCCOC(=O)CCCCCCC\C=C/C\C=C/CCCCC)NC1=CC(C)=NN1C,-0.311118414
CCCCCCCCCCCCCCCCNC(=O)C(CCCCCOC(=O)CCCCCCC\C=C/C\C=C/CCCCC)NC1=CC(C)=NN1C,-1.06765177
CCCCCCCC\C=C/CCCCCCCCNC(=O)C(CCCCCOC(=O)CCCCCCC\C=C/C\C=C/CCCCC)NN1CCCCC1,1.196397213
CCCCCCCCCCCCCCCCCCNC(=O)C(CCCCCOC(=O)CCCCCCC\C=C/C\C=C/CCCCC)NN1CCCCC1,1.229565435
CCCCCCCCCCCCNC(=O)C(CCCCCOC(=O)CCCCCCC\C=C/C\C=C/CCCCC)NN1CCCCC1,0.954827886
CCCCCCCCCCCCCCNC(=O)C(CCCCCOC(=O)CCCCCCC\C=C/C\C=C/CCCCC)NN1CCCCC1,1.673596016
CCCCCCCCCCCCCCCCNC(=O)C(CCCCCOC(=O)CCCCCCC\C=C/C\C=C/CCCCC)NN1CCCCC1,0.785427408
CCCCCCCC\C=C/CCCCCCCCNC(=O)C(CCCCCOC(=O)CCCCCCC\C=C/C\C=C/CCCCC)NCCN(CCN)CCN,5.335125888
CCCCCCCCCCCCCCCCCCNC(=O)C(CCCCCOC(=O)CCCCCCC\C=C/C\C=C/CCCCC)NCCN(CCN)CCN,2.75866785
CCCCCCCCCCCCNC(=O)C(CCCCCOC(=O)CCCCCCC\C=C/C\C=C/CCCCC)NCCN(CCN)CCN,3.91749735
CCCCCCCCCCCCCCNC(=O)C(CCCCCOC(=O)CCCCCCC\C=C/C\C=C/CCCCC)NCCN(CCN)CCN,5.163468274
CCCCCCCCCCCCCCCCNC(=O)C(CCCCCOC(=O)CCCCCCC\C=C/C\C=C/CCCCC)NCCN(CCN)CCN,3.501763864
CCCCCCCC\C=C/CCCCCCCCNC(=O)C(CCCCCOC(=O)CCCCCCC\C=C/C\C=C/CCCCC)NCCN1CCCC1,2.321928095
CCCCCCCCCCCCCCCCCCNC(=O)C(CCCCCOC(=O)CCCCCCC\C=C/C\C=C/CCCCC)NCCN1CCCC1,1.659630652
CCCCCCCCCCCCNC(=O)C(CCCCCOC(=O)CCCCCCC\C=C/C\C=C/CCCCC)NCCN1CCCC1,5.313488668
CCCCCCCCCCCCCCNC(=O)C(CCCCCOC(=O)CCCCCCC\C=C/C\C=C/CCCCC)NCCN1CCCC1,1.747097527
CCCCCCCCCCCCCCCCNC(=O)C(CCCCCOC(=O)CCCCCCC\C=C/C\C=C/CCCCC)NCCN1CCCC1,1.187825674
CCCCCCCC\C=C/CCCCCCCCNC(=O)C(CCCCCOC(=O)CCCCCCC\C=C/C\C=C/CCCCC)NCCN1CCCCC1,-0.242180258
CCCCCCCCCCCCCCCCCCNC(=O)C(CCCCCOC(=O)CCCCCCC\C=C/C\C=C/CCCCC)NCCN1CCCCC1,2.775302151
CCCCCCCCCCCCNC(=O)C(CCCCCOC(=O)CCCCCCC\C=C/C\C=C/CCCCC)NCCN1CCCCC1,0.870414631
CCCCCCCCCCCCCCNC(=O)C(CCCCCOC(=O)CCCCCCC\C=C/C\C=C/CCCCC)NCCN1CCCCC1,-0.17834284
CCCCCCCCCCCCCCCCNC(=O)C(CCCCCOC(=O)CCCCCCC\C=C/C\C=C/CCCCC)NCCN1CCCCC1,1.300591863
CCCCCCCC\C=C/CCCCCCCCNC(=O)C(CCCCCOC(=O)CCCCCCC\C=C/C\C=C/CCCCC)NCCN(C(C)C)C(C)C,-2.345629161
CCCCCCCCCCCCCCCCCCNC(=O)C(CCCCCOC(=O)CCCCCCC\C=C/C\C=C/CCCCC)NCCN(C(C)C)C(C)C,1.068646515
CCCCCCCCCCCCNC(=O)C(CCCCCOC(=O)CCCCCCC\C=C/C\C=C/CCCCC)NCCN(C(C)C)C(C)C,0.915082242
CCCCCCCCCCCCCCNC(=O)C(CCCCCOC(=O)CCCCCCC\C=C/C\C=C/CCCCC)NCCN(C(C)C)C(C)C,-0.780116043
CCCCCCCCCCCCCCCCNC(=O)C(CCCCCOC(=O)CCCCCCC\C=C/C\C=C/CCCCC)NCCN(C(C)C)C(C)C,-0.692916012
CCCCCCCCCCCCCCCCCC(=O)OCCCCCC(NCCCN(C)CCCN)C(=O)NCCCCCCCC\C=C/CCCCCCCC,-0.155158727
CCCCCCCCCCCCCCCCCCNC(=O)C(CCCCCOC(=O)CCCCCCCCCCCCCCCCC)NCCCN(C)CCCN,-0.407268965
CCCCCCCCCCCCCCCCCC(=O)OCCCCCC(NCCCN(C)CCCN)C(=O)NCCCCCCCCCCCC,0.955278912
CCCCCCCCCCCCCCCCCC(=O)OCCCCCC(NCCCN(C)CCCN)C(=O)NCCCCCCCCCCCCCC,0.404344369
CCCCCCCCCCCCCCCCCC(=O)OCCCCCC(NCCCN(C)CCCN)C(=O)NCCCCCCCCCCCCCCCC,0.983766321
CCCCCCCCCCCCCCCCCC(=O)OCCCCCC(NCC1CCCN1CC)C(=O)NCCCCCCCC\C=C/CCCCCCCC,1.711365165
CCCCCCCCCCCCCCCCCCNC(=O)C(CCCCCOC(=O)CCCCCCCCCCCCCCCCC)NCC1CCCN1CC,3.003263279
CCCCCCCCCCCCCCCCCC(=O)OCCCCCC(NCC1CCCN1CC)C(=O)NCCCCCCCCCCCC,1.148788645
CCCCCCCCCCCCCCCCCC(=O)OCCCCCC(NCC1CCCN1CC)C(=O)NCCCCCCCCCCCCCC,1.90613368
CCCCCCCCCCCCCCCCCC(=O)OCCCCCC(NCC1CCCN1CC)C(=O)NCCCCCCCCCCCCCCCC,1.640063057
CCCCCCCCCCCCCCCCCC(=O)OCCCCCC(NCCN1CCNCC1)C(=O)NCCCCCCCC\C=C/CCCCCCCC,1.194346947
CCCCCCCCCCCCCCCCCCNC(=O)C(CCCCCOC(=O)CCCCCCCCCCCCCCCCC)NCCN1CCNCC1,0.503151327
CCCCCCCCCCCCCCCCCC(=O)OCCCCCC(NCCN1CCNCC1)C(=O)NCCCCCCCCCCCC,1.348992166
CCCCCCCCCCCCCCCCCC(=O)OCCCCCC(NCCN1CCNCC1)C(=O)NCCCCCCCCCCCCCC,1.26828579
CCCCCCCCCCCCCCCCCC(=O)OCCCCCC(NCCN1CCNCC1)C(=O)NCCCCCCCCCCCCCCCC,1.640358984
CCCCCCCCCCCCCCCCCC(=O)OCCCCCC(NC1CCNCC1)C(=O)NCCCCCCCC\C=C/CCCCCCCC,2.005545052
CCCCCCCCCCCCCCCCCCNC(=O)C(CCCCCOC(=O)CCCCCCCCCCCCCCCCC)NC1CCNCC1,-1.462124578
CCCCCCCCCCCCCCCCCC(=O)OCCCCCC(NC1CCNCC1)C(=O)NCCCCCCCCCCCC,0.254287724
CCCCCCCCCCCCCCCCCC(=O)OCCCCCC(NC1CCNCC1)C(=O)NCCCCCCCCCCCCCC,0.96741531
CCCCCCCCCCCCCCCCCC(=O)OCCCCCC(NC1CCNCC1)C(=O)NCCCCCCCCCCCCCCCC,1.079118717
CCCCCCCCCCCCCCCCCC(=O)OCCCCCC(NCCN(C)C)C(=O)NCCCCCCCC\C=C/CCCCCCCC,6.947762667
CCCCCCCCCCCCCCCCCCNC(=O)C(CCCCCOC(=O)CCCCCCCCCCCCCCCCC)NCCN(C)C,8.790737469
CCCCCCCCCCCCCCCCCC(=O)OCCCCCC(NCCN(C)C)C(=O)NCCCCCCCCCCCC,2.915674154
CCCCCCCCCCCCCCCCCC(=O)OCCCCCC(NCCN(C)C)C(=O)NCCCCCCCCCCCCCC,0.407221287
CCCCCCCCCCCCCCCCCC(=O)OCCCCCC(NCCN(C)C)C(=O)NCCCCCCCCCCCCCCCC,1.531719333
CCCCCCCCCCCCCCCCCC(=O)OCCCCCC(NCCCN(C)C)C(=O)NCCCCCCCC\C=C/CCCCCCCC,11.14768408
CCCCCCCCCCCCCCCCCCNC(=O)C(CCCCCOC(=O)CCCCCCCCCCCCCCCCC)NCCCN(C)C,7.776719179
CCCCCCCCCCCCCCCCCC(=O)OCCCCCC(NCCCN(C)C)C(=O)NCCCCCCCCCCCC,8.319223951
CCCCCCCCCCCCCCCCCC(=O)OCCCCCC(NCCCN(C)C)C(=O)NCCCCCCCCCCCCCC,7.901148357
CCCCCCCCCCCCCCCCCC(=O)OCCCCCC(NCCCN(C)C)C(=O)NCCCCCCCCCCCCCCCC,6.101922471
CCCCCCCCCCCCCCCCCC(=O)OCCCCCC(NCCCN(CC)CC)C(=O)NCCCCCCCC\C=C/CCCCCCCC,4.460959723
CCCCCCCCCCCCCCCCCCNC(=O)C(CCCCCOC(=O)CCCCCCCCCCCCCCCCC)NCCCN(CC)CC,7.328083021
CCCCCCCCCCCCCCCCCC(=O)OCCCCCC(NCCCN(CC)CC)C(=O)NCCCCCCCCCCCC,6.932812055
CCCCCCCCCCCCCCCCCC(=O)OCCCCCC(NCCCN(CC)CC)C(=O)NCCCCCCCCCCCCCC,6.847887116
CCCCCCCCCCCCCCCCCC(=O)OCCCCCC(NCCCN(CC)CC)C(=O)NCCCCCCCCCCCCCCCC,5.12169869
CCCCCCCCCCCCCCCCCC(=O)OCCCCCC(NCCCN(CCCC)CCCC)C(=O)NCCCCCCCC\C=C/CCCCCCCC,1.830119079
CCCCCCCCCCCCCCCCCCNC(=O)C(CCCCCOC(=O)CCCCCCCCCCCCCCCCC)NCCCN(CCCC)CCCC,5.018707522
CCCCCCCCCCCCCCCCCC(=O)OCCCCCC(NCCCN(CCCC)CCCC)C(=O)NCCCCCCCCCCCC,12.99313286
CCCCCCCCCCCCCCCCCC(=O)OCCCCCC(NCCCN(CCCC)CCCC)C(=O)NCCCCCCCCCCCCCC,12.43159272
CCCCCCCCCCCCCCCCCC(=O)OCCCCCC(NCCCN(CCCC)CCCC)C(=O)NCCCCCCCCCCCCCCCC,9.486395179
CCCCCCCCCCCCCCCCCC(=O)OCCCCCC(NCCCN1CCCC1)C(=O)NCCCCCCCC\C=C/CCCCCCCC,9.203356413
CCCCCCCCCCCCCCCCCCNC(=O)C(CCCCCOC(=O)CCCCCCCCCCCCCCCCC)NCCCN1CCCC1,6.696570414
CCCCCCCCCCCCCCCCCC(=O)OCCCCCC(NCCCN1CCCC1)C(=O)NCCCCCCCCCCCC,5.998019754
CCCCCCCCCCCCCCCCCC(=O)OCCCCCC(NCCCN1CCCC1)C(=O)NCCCCCCCCCCCCCC,6.143803455
CCCCCCCCCCCCCCCCCC(=O)OCCCCCC(NCCCN1CCCC1)C(=O)NCCCCCCCCCCCCCCCC,3.823918723
CCCCCCCCCCCCCCCCCC(=O)OCCCCCC(NCCN(CC)CC)C(=O)NCCCCCCCC\C=C/CCCCCCCC,8.996872342
CCCCCCCCCCCCCCCCCCNC(=O)C(CCCCCOC(=O)CCCCCCCCCCCCCCCCC)NCCN(CC)CC,7.499191582
CCCCCCCCCCCCCCCCCC(=O)OCCCCCC(NCCN(CC)CC)C(=O)NCCCCCCCCCCCC,8.31335041
CCCCCCCCCCCCCCCCCC(=O)OCCCCCC(NCCN(CC)CC)C(=O)NCCCCCCCCCCCCCC,8.321904663
CCCCCCCCCCCCCCCCCC(=O)OCCCCCC(NCCN(CC)CC)C(=O)NCCCCCCCCCCCCCCCC,5.720623254
CCCCCCCCCCCCCCCCCC(=O)OCCCCCC(NC1CCN(C)CC1)C(=O)NCCCCCCCC\C=C/CCCCCCCC,6.163230349
CCCCCCCCCCCCCCCCCCNC(=O)C(CCCCCOC(=O)CCCCCCCCCCCCCCCCC)NC1CCN(C)CC1,5.704485164
CCCCCCCCCCCCCCCCCC(=O)OCCCCCC(NC1CCN(C)CC1)C(=O)NCCCCCCCCCCCC,5.546302407
CCCCCCCCCCCCCCCCCC(=O)OCCCCCC(NC1CCN(C)CC1)C(=O)NCCCCCCCCCCCCCC,3.608123696
CCCCCCCCCCCCCCCCCC(=O)OCCCCCC(NC1CCN(C)CC1)C(=O)NCCCCCCCCCCCCCCCC,5.608833401
CCCCCCCCCCCCCCCCCC(=O)OCCCCCC(NC1=CNN=C1)C(=O)NCCCCCCCC\C=C/CCCCCCCC,7.431497604
CCCCCCCCCCCCCCCCCCNC(=O)C(CCCCCOC(=O)CCCCCCCCCCCCCCCCC)NC1=CNN=C1,6.685150152
CCCCCCCCCCCCCCCCCC(=O)OCCCCCC(NC1=CNN=C1)C(=O)NCCCCCCCCCCCC,7.397805153
CCCCCCCCCCCCCCCCCC(=O)OCCCCCC(NC1=CNN=C1)C(=O)NCCCCCCCCCCCCCC,5.359422191
CCCCCCCCCCCCCCCCCC(=O)OCCCCCC(NC1=CNN=C1)C(=O)NCCCCCCCCCCCCCCCC,6.693020182
CCCCCCCCCCCCCCCCCC(=O)OCCCCCC(NC1=CC(C)=NN1C)C(=O)NCCCCCCCC\C=C/CCCCCCCC,6.511752654
CCCCCCCCCCCCCCCCCCNC(=O)C(CCCCCOC(=O)CCCCCCCCCCCCCCCCC)NC1=CC(C)=NN1C,8.317988284
CCCCCCCCCCCCCCCCCC(=O)OCCCCCC(NC1=CC(C)=NN1C)C(=O)NCCCCCCCCCCCC,5.037566741
CCCCCCCCCCCCCCCCCC(=O)OCCCCCC(NC1=CC(C)=NN1C)C(=O)NCCCCCCCCCCCCCC,5.445368404
CCCCCCCCCCCCCCCCCC(=O)OCCCCCC(NC1=CC(C)=NN1C)C(=O)NCCCCCCCCCCCCCCCC,8.947493376
CCCCCCCCCCCCCCCCCC(=O)OCCCCCC(NN1CCCCC1)C(=O)NCCCCCCCC\C=C/CCCCCCCC,7.224001674
CCCCCCCCCCCCCCCCCCNC(=O)C(CCCCCOC(=O)CCCCCCCCCCCCCCCCC)NN1CCCCC1,6.428703449
CCCCCCCCCCCCCCCCCC(=O)OCCCCCC(NN1CCCCC1)C(=O)NCCCCCCCCCCCC,6.659458435
CCCCCCCCCCCCCCCCCC(=O)OCCCCCC(NN1CCCCC1)C(=O)NCCCCCCCCCCCCCC,4.506479481
CCCCCCCCCCCCCCCCCC(=O)OCCCCCC(NN1CCCCC1)C(=O)NCCCCCCCCCCCCCCCC,6.233200207
CCCCCCCCCCCCCCCCCC(=O)OCCCCCC(NCCN(CCN)CCN)C(=O)NCCCCCCCC\C=C/CCCCCCCC,3.510331803
CCCCCCCCCCCCCCCCCCNC(=O)C(CCCCCOC(=O)CCCCCCCCCCCCCCCCC)NCCN(CCN)CCN,7.017557633
CCCCCCCCCCCCCCCCCC(=O)OCCCCCC(NCCN(CCN)CCN)C(=O)NCCCCCCCCCCCC,7.0251607
CCCCCCCCCCCCCCCCCC(=O)OCCCCCC(NCCN(CCN)CCN)C(=O)NCCCCCCCCCCCCCC,4.415001309
CCCCCCCCCCCCCCCCCC(=O)OCCCCCC(NCCN(CCN)CCN)C(=O)NCCCCCCCCCCCCCCCC,5.259625323
CCCCCCCCCCCCCCCCCC(=O)OCCCCCC(NCCN1CCCC1)C(=O)NCCCCCCCC\C=C/CCCCCCCC,8.717105172
CCCCCCCCCCCCCCCCCCNC(=O)C(CCCCCOC(=O)CCCCCCCCCCCCCCCCC)NCCN1CCCC1,7.461654485
CCCCCCCCCCCCCCCCCC(=O)OCCCCCC(NCCN1CCCC1)C(=O)NCCCCCCCCCCCC,10.10048636
CCCCCCCCCCCCCCCCCC(=O)OCCCCCC(NCCN1CCCC1)C(=O)NCCCCCCCCCCCCCC,7.561762496
CCCCCCCCCCCCCCCCCC(=O)OCCCCCC(NCCN1CCCC1)C(=O)NCCCCCCCCCCCCCCCC,6.981716415
CCCCCCCCCCCCCCCCCC(=O)OCCCCCC(NCCN1CCCCC1)C(=O)NCCCCCCCC\C=C/CCCCCCCC,8.406382186
CCCCCCCCCCCCCCCCCCNC(=O)C(CCCCCOC(=O)CCCCCCCCCCCCCCCCC)NCCN1CCCCC1,6.883956426
CCCCCCCCCCCCCCCCCC(=O)OCCCCCC(NCCN1CCCCC1)C(=O)NCCCCCCCCCCCC,8.065703909
CCCCCCCCCCCCCCCCCC(=O)OCCCCCC(NCCN1CCCCC1)C(=O)NCCCCCCCCCCCCCC,8.134337966
CCCCCCCCCCCCCCCCCC(=O)OCCCCCC(NCCN1CCCCC1)C(=O)NCCCCCCCCCCCCCCCC,6.755222199
CCCCCCCCCCCCCCCCCC(=O)OCCCCCC(NCCN(C(C)C)C(C)C)C(=O)NCCCCCCCC\C=C/CCCCCCCC,9.77478706
CCCCCCCCCCCCCCCCCCNC(=O)C(CCCCCOC(=O)CCCCCCCCCCCCCCCCC)NCCN(C(C)C)C(C)C,6.552100865
CCCCCCCCCCCCCCCCCC(=O)OCCCCCC(NCCN(C(C)C)C(C)C)C(=O)NCCCCCCCCCCCC,7.24042249
CCCCCCCCCCCCCCCCCC(=O)OCCCCCC(NCCN(C(C)C)C(C)C)C(=O)NCCCCCCCCCCCCCC,-0.941141224
CCCCCCCCCCCCCCCCCC(=O)OCCCCCC(NCCN(C(C)C)C(C)C)C(=O)NCCCCCCCCCCCCCCCC,6.198496069
CCCCCCCCCCCCCCCC(=O)OCCCCCC(NCCCN(C)CCCN)C(=O)NCCCCCCCC\C=C/CCCCCCCC,0.116256053
CCCCCCCCCCCCCCCCCCNC(=O)C(CCCCCOC(=O)CCCCCCCCCCCCCCC)NCCCN(C)CCCN,1.508564823
CCCCCCCCCCCCCCCC(=O)OCCCCCC(NCCCN(C)CCCN)C(=O)NCCCCCCCCCCCC,0.928031874
CCCCCCCCCCCCCCCC(=O)OCCCCCC(NCCCN(C)CCCN)C(=O)NCCCCCCCCCCCCCC,-0.67878827
CCCCCCCCCCCCCCCCNC(=O)C(CCCCCOC(=O)CCCCCCCCCCCCCCC)NCCCN(C)CCCN,0.758572549
CCCCCCCCCCCCCCCC(=O)OCCCCCC(NCC1CCCN1CC)C(=O)NCCCCCCCC\C=C/CCCCCCCC,1.707009356
CCCCCCCCCCCCCCCCCCNC(=O)C(CCCCCOC(=O)CCCCCCCCCCCCCCC)NCC1CCCN1CC,1.187176963
CCCCCCCCCCCCCCCC(=O)OCCCCCC(NCC1CCCN1CC)C(=O)NCCCCCCCCCCCC,-0.166482136
CCCCCCCCCCCCCCCC(=O)OCCCCCC(NCC1CCCN1CC)C(=O)NCCCCCCCCCCCCCC,0.701812537
CCCCCCCCCCCCCCCCNC(=O)C(CCCCCOC(=O)CCCCCCCCCCCCCCC)NCC1CCCN1CC,1.746068962
CCCCCCCCCCCCCCCC(=O)OCCCCCC(NCCN1CCNCC1)C(=O)NCCCCCCCC\C=C/CCCCCCCC,1.01628768
CCCCCCCCCCCCCCCCCCNC(=O)C(CCCCCOC(=O)CCCCCCCCCCCCCCC)NCCN1CCNCC1,3.252580747
CCCCCCCCCCCCCCCC(=O)OCCCCCC(NCCN1CCNCC1)C(=O)NCCCCCCCCCCCC,-2.301241216
CCCCCCCCCCCCCCCC(=O)OCCCCCC(NCCN1CCNCC1)C(=O)NCCCCCCCCCCCCCC,1.143973706
CCCCCCCCCCCCCCCCNC(=O)C(CCCCCOC(=O)CCCCCCCCCCCCCCC)NCCN1CCNCC1,-0.355996227
CCCCCCCCCCCCCCCC(=O)OCCCCCC(NC1CCNCC1)C(=O)NCCCCCCCC\C=C/CCCCCCCC,1.776902139
CCCCCCCCCCCCCCCCCCNC(=O)C(CCCCCOC(=O)CCCCCCCCCCCCCCC)NC1CCNCC1,1.801015717
CCCCCCCCCCCCCCCC(=O)OCCCCCC(NC1CCNCC1)C(=O)NCCCCCCCCCCCC,0.610591391
CCCCCCCCCCCCCCCC(=O)OCCCCCC(NC1CCNCC1)C(=O)NCCCCCCCCCCCCCC,-1.393626645
CCCCCCCCCCCCCCCCNC(=O)C(CCCCCOC(=O)CCCCCCCCCCCCCCC)NC1CCNCC1,1.220678302
CCCCCCCCCCCCCCCC(=O)OCCCCCC(NCCN(C)C)C(=O)NCCCCCCCC\C=C/CCCCCCCC,7.262822761
CCCCCCCCCCCCCCCCCCNC(=O)C(CCCCCOC(=O)CCCCCCCCCCCCCCC)NCCN(C)C,3.575336466
CCCCCCCCCCCCCCCC(=O)OCCCCCC(NCCN(C)C)C(=O)NCCCCCCCCCCCC,1.268073193
CCCCCCCCCCCCCCCC(=O)OCCCCCC(NCCN(C)C)C(=O)NCCCCCCCCCCCCCC,5.74562992
CCCCCCCCCCCCCCCCNC(=O)C(CCCCCOC(=O)CCCCCCCCCCCCCCC)NCCN(C)C,2.244078239
CCCCCCCCCCCCCCCC(=O)OCCCCCC(NCCCN(C)C)C(=O)NCCCCCCCC\C=C/CCCCCCCC,8.996757732
CCCCCCCCCCCCCCCCCCNC(=O)C(CCCCCOC(=O)CCCCCCCCCCCCCCC)NCCCN(C)C,7.073602003
CCCCCCCCCCCCCCCC(=O)OCCCCCC(NCCCN(C)C)C(=O)NCCCCCCCCCCCC,4.642093043
CCCCCCCCCCCCCCCC(=O)OCCCCCC(NCCCN(C)C)C(=O)NCCCCCCCCCCCCCC,7.351955628
CCCCCCCCCCCCCCCCNC(=O)C(CCCCCOC(=O)CCCCCCCCCCCCCCC)NCCCN(C)C,3.660197627
CCCCCCCCCCCCCCCC(=O)OCCCCCC(NCCCN(CC)CC)C(=O)NCCCCCCCC\C=C/CCCCCCCC,6.236134682
CCCCCCCCCCCCCCCCCCNC(=O)C(CCCCCOC(=O)CCCCCCCCCCCCCCC)NCCCN(CC)CC,7.346620478
CCCCCCCCCCCCCCCC(=O)OCCCCCC(NCCCN(CC)CC)C(=O)NCCCCCCCCCCCC,2.796299734
CCCCCCCCCCCCCCCC(=O)OCCCCCC(NCCCN(CC)CC)C(=O)NCCCCCCCCCCCCCC,4.667127164
CCCCCCCCCCCCCCCCNC(=O)C(CCCCCOC(=O)CCCCCCCCCCCCCCC)NCCCN(CC)CC,1.252429733
CCCCCCCCCCCCCCCC(=O)OCCCCCC(NCCCN(CCCC)CCCC)C(=O)NCCCCCCCC\C=C/CCCCCCCC,1.307534704
CCCCCCCCCCCCCCCCCCNC(=O)C(CCCCCOC(=O)CCCCCCCCCCCCCCC)NCCCN(CCCC)CCCC,6.02890007
CCCCCCCCCCCCCCCC(=O)OCCCCCC(NCCCN(CCCC)CCCC)C(=O)NCCCCCCCCCCCC,4.220719845
CCCCCCCCCCCCCCCC(=O)OCCCCCC(NCCCN(CCCC)CCCC)C(=O)NCCCCCCCCCCCCCC,7.820814702
CCCCCCCCCCCCCCCCNC(=O)C(CCCCCOC(=O)CCCCCCCCCCCCCCC)NCCCN(CCCC)CCCC,6.267734374
CCCCCCCCCCCCCCCC(=O)OCCCCCC(NCCCN1CCCC1)C(=O)NCCCCCCCC\C=C/CCCCCCCC,6.687089232
CCCCCCCCCCCCCCCCCCNC(=O)C(CCCCCOC(=O)CCCCCCCCCCCCCCC)NCCCN1CCCC1,7.663330282
CCCCCCCCCCCCCCCC(=O)OCCCCCC(NCCCN1CCCC1)C(=O)NCCCCCCCCCCCC,4.5769098
CCCCCCCCCCCCCCCC(=O)OCCCCCC(NCCCN1CCCC1)C(=O)NCCCCCCCCCCCCCC,6.100806378
CCCCCCCCCCCCCCCCNC(=O)C(CCCCCOC(=O)CCCCCCCCCCCCCCC)NCCCN1CCCC1,2.279572154
CCCCCCCCCCCCCCCC(=O)OCCCCCC(NCCN(CC)CC)C(=O)NCCCCCCCC\C=C/CCCCCCCC,7.478836852
CCCCCCCCCCCCCCCCCCNC(=O)C(CCCCCOC(=O)CCCCCCCCCCCCCCC)NCCN(CC)CC,5.132558208
CCCCCCCCCCCCCCCC(=O)OCCCCCC(NCCN(CC)CC)C(=O)NCCCCCCCCCCCC,4.421133342
CCCCCCCCCCCCCCCC(=O)OCCCCCC(NCCN(CC)CC)C(=O)NCCCCCCCCCCCCCC,6.024686156
CCCCCCCCCCCCCCCCNC(=O)C(CCCCCOC(=O)CCCCCCCCCCCCCCC)NCCN(CC)CC,2.746642473
CCCCCCCCCCCCCCCC(=O)OCCCCCC(NC1CCN(C)CC1)C(=O)NCCCCCCCC\C=C/CCCCCCCC,7.232021123
CCCCCCCCCCCCCCCCCCNC(=O)C(CCCCCOC(=O)CCCCCCCCCCCCCCC)NC1CCN(C)CC1,5.687575932
CCCCCCCCCCCCCCCC(=O)OCCCCCC(NC1CCN(C)CC1)C(=O)NCCCCCCCCCCCC,6.824597573
CCCCCCCCCCCCCCCC(=O)OCCCCCC(NC1CCN(C)CC1)C(=O)NCCCCCCCCCCCCCC,5.539783608
CCCCCCCCCCCCCCCCNC(=O)C(CCCCCOC(=O)CCCCCCCCCCCCCCC)NC1CCN(C)CC1,5.872978639
CCCCCCCCCCCCCCCC(=O)OCCCCCC(NC1=CNN=C1)C(=O)NCCCCCCCC\C=C/CCCCCCCC,6.233619677
CCCCCCCCCCCCCCCCCCNC(=O)C(CCCCCOC(=O)CCCCCCCCCCCCCCC)NC1=CNN=C1,5.630583286
CCCCCCCCCCCCCCCC(=O)OCCCCCC(NC1=CNN=C1)C(=O)NCCCCCCCCCCCC,7.515144879
CCCCCCCCCCCCCCCC(=O)OCCCCCC(NC1=CNN=C1)C(=O)NCCCCCCCCCCCCCC,5.533653343
CCCCCCCCCCCCCCCCNC(=O)C(CCCCCOC(=O)CCCCCCCCCCCCCCC)NC1=CNN=C1,5.603559494
CCCCCCCCCCCCCCCC(=O)OCCCCCC(NC1=CC(C)=NN1C)C(=O)NCCCCCCCC\C=C/CCCCCCCC,7.992466327
CCCCCCCCCCCCCCCCCCNC(=O)C(CCCCCOC(=O)CCCCCCCCCCCCCCC)NC1=CC(C)=NN1C,6.191665899
CCCCCCCCCCCCCCCC(=O)OCCCCCC(NC1=CC(C)=NN1C)C(=O)NCCCCCCCCCCCC,7.533653342
CCCCCCCCCCCCCCCC(=O)OCCCCCC(NC1=CC(C)=NN1C)C(=O)NCCCCCCCCCCCCCC,6.886617259
CCCCCCCCCCCCCCCCNC(=O)C(CCCCCOC(=O)CCCCCCCCCCCCCCC)NC1=CC(C)=NN1C,5.964236937
CCCCCCCCCCCCCCCC(=O)OCCCCCC(NN1CCCCC1)C(=O)NCCCCCCCC\C=C/CCCCCCCC,7.367778746
CCCCCCCCCCCCCCCCCCNC(=O)C(CCCCCOC(=O)CCCCCCCCCCCCCCC)NN1CCCCC1,5.84781427
CCCCCCCCCCCCCCCC(=O)OCCCCCC(NN1CCCCC1)C(=O)NCCCCCCCCCCCC,7.648144747
CCCCCCCCCCCCCCCC(=O)OCCCCCC(NN1CCCCC1)C(=O)NCCCCCCCCCCCCCC,7.240707318
CCCCCCCCCCCCCCCCNC(=O)C(CCCCCOC(=O)CCCCCCCCCCCCCCC)NN1CCCCC1,5.826208675
CCCCCCCCCCCCCCCC(=O)OCCCCCC(NCCN(CCN)CCN)C(=O)NCCCCCCCC\C=C/CCCCCCCC,1.21547602
CCCCCCCCCCCCCCCCCCNC(=O)C(CCCCCOC(=O)CCCCCCCCCCCCCCC)NCCN(CCN)CCN,7.10509577
CCCCCCCCCCCCCCCC(=O)OCCCCCC(NCCN(CCN)CCN)C(=O)NCCCCCCCCCCCC,4.486213251
CCCCCCCCCCCCCCCC(=O)OCCCCCC(NCCN(CCN)CCN)C(=O)NCCCCCCCCCCCCCC,5.327581158
CCCCCCCCCCCCCCCCNC(=O)C(CCCCCOC(=O)CCCCCCCCCCCCCCC)NCCN(CCN)CCN,3.898690919
CCCCCCCCCCCCCCCC(=O)OCCCCCC(NCCN1CCCC1)C(=O)NCCCCCCCC\C=C/CCCCCCCC,8.855647166
CCCCCCCCCCCCCCCCCCNC(=O)C(CCCCCOC(=O)CCCCCCCCCCCCCCC)NCCN1CCCC1,6.112229769
CCCCCCCCCCCCCCCC(=O)OCCCCCC(NCCN1CCCC1)C(=O)NCCCCCCCCCCCC,4.42487481
CCCCCCCCCCCCCCCC(=O)OCCCCCC(NCCN1CCCC1)C(=O)NCCCCCCCCCCCCCC,7.415166495
CCCCCCCCCCCCCCCCNC(=O)C(CCCCCOC(=O)CCCCCCCCCCCCCCC)NCCN1CCCC1,6.030332483
CCCCCCCCCCCCCCCC(=O)OCCCCCC(NCCN1CCCCC1)C(=O)NCCCCCCCC\C=C/CCCCCCCC,7.079484784
CCCCCCCCCCCCCCCCCCNC(=O)C(CCCCCOC(=O)CCCCCCCCCCCCCCC)NCCN1CCCCC1,6.772755486
CCCCCCCCCCCCCCCC(=O)OCCCCCC(NCCN1CCCCC1)C(=O)NCCCCCCCCCCCC,8.317858989
CCCCCCCCCCCCCCCC(=O)OCCCCCC(NCCN1CCCCC1)C(=O)NCCCCCCCCCCCCCC,7.608142306
CCCCCCCCCCCCCCCCNC(=O)C(CCCCCOC(=O)CCCCCCCCCCCCCCC)NCCN1CCCCC1,6.589063185
CCCCCCCCCCCCCCCC(=O)OCCCCCC(NCCN(C(C)C)C(C)C)C(=O)NCCCCCCCC\C=C/CCCCCCCC,6.914385132
CCCCCCCCCCCCCCCCCCNC(=O)C(CCCCCOC(=O)CCCCCCCCCCCCCCC)NCCN(C(C)C)C(C)C,6.938194074
CCCCCCCCCCCCCCCC(=O)OCCCCCC(NCCN(C(C)C)C(C)C)C(=O)NCCCCCCCCCCCC,8.542312737
CCCCCCCCCCCCCCCC(=O)OCCCCCC(NCCN(C(C)C)C(C)C)C(=O)NCCCCCCCCCCCCCC,-0.637749379
CCCCCCCCCCCCCCCCNC(=O)C(CCCCCOC(=O)CCCCCCCCCCCCCCC)NCCN(C(C)C)C(C)C,6.785755459
CCCCCCCCCC(=O)OCCCCCC(NCCCN(C)CCCN)C(=O)NCCCCCCCC\C=C/CCCCCCCC,0.926485913
CCCCCCCCCCCCCCCCCCNC(=O)C(CCCCCOC(=O)CCCCCCCCC)NCCCN(C)CCCN,-0.362306549
CCCCCCCCCCCCNC(=O)C(CCCCCOC(=O)CCCCCCCCC)NCCCN(C)CCCN,0.213630797
CCCCCCCCCCCCCCNC(=O)C(CCCCCOC(=O)CCCCCCCCC)NCCCN(C)CCCN,1.020160833
CCCCCCCCCCCCCCCCNC(=O)C(CCCCCOC(=O)CCCCCCCCC)NCCCN(C)CCCN,0.047186685
CCCCCCCCCC(=O)OCCCCCC(NCC1CCCN1CC)C(=O)NCCCCCCCC\C=C/CCCCCCCC,1.61334263
CCCCCCCCCCCCCCCCCCNC(=O)C(CCCCCOC(=O)CCCCCCCCC)NCC1CCCN1CC,4.995756309
CCCCCCCCCCCCNC(=O)C(CCCCCOC(=O)CCCCCCCCC)NCC1CCCN1CC,1.099932965
CCCCCCCCCCCCCCNC(=O)C(CCCCCOC(=O)CCCCCCCCC)NCC1CCCN1CC,0.37298727
CCCCCCCCCCCCCCCCNC(=O)C(CCCCCOC(=O)CCCCCCCCC)NCC1CCCN1CC,0.818730632
CCCCCCCCCC(=O)OCCCCCC(NCCN1CCNCC1)C(=O)NCCCCCCCC\C=C/CCCCCCCC,2.560463161
CCCCCCCCCCCCCCCCCCNC(=O)C(CCCCCOC(=O)CCCCCCCCC)NCCN1CCNCC1,1.158675325
CCCCCCCCCCCCNC(=O)C(CCCCCOC(=O)CCCCCCCCC)NCCN1CCNCC1,1.716023514
CCCCCCCCCCCCCCNC(=O)C(CCCCCOC(=O)CCCCCCCCC)NCCN1CCNCC1,2.188161263
CCCCCCCCCCCCCCCCNC(=O)C(CCCCCOC(=O)CCCCCCCCC)NCCN1CCNCC1,2.191626192
CCCCCCCCCC(=O)OCCCCCC(NC1CCNCC1)C(=O)NCCCCCCCC\C=C/CCCCCCCC,1.907087768
CCCCCCCCCCCCCCCCCCNC(=O)C(CCCCCOC(=O)CCCCCCCCC)NC1CCNCC1,2.872665041
CCCCCCCCCCCCNC(=O)C(CCCCCOC(=O)CCCCCCCCC)NC1CCNCC1,0.77771382
CCCCCCCCCCCCCCNC(=O)C(CCCCCOC(=O)CCCCCCCCC)NC1CCNCC1,0.340670927
CCCCCCCCCCCCCCCCNC(=O)C(CCCCCOC(=O)CCCCCCCCC)NC1CCNCC1,1.575811641
CCCCCCCCCC(=O)OCCCCCC(NCCN(C)C)C(=O)NCCCCCCCC\C=C/CCCCCCCC,7.454717001
CCCCCCCCCCCCCCCCCCNC(=O)C(CCCCCOC(=O)CCCCCCCCC)NCCN(C)C,6.915526901
CCCCCCCCCCCCNC(=O)C(CCCCCOC(=O)CCCCCCCCC)NCCN(C)C,2.374906739
CCCCCCCCCCCCCCNC(=O)C(CCCCCOC(=O)CCCCCCCCC)NCCN(C)C,5.121088888
CCCCCCCCCCCCCCCCNC(=O)C(CCCCCOC(=O)CCCCCCCCC)NCCN(C)C,0.956934233
CCCCCCCCCC(=O)OCCCCCC(NCCCN(C)C)C(=O)NCCCCCCCC\C=C/CCCCCCCC,11.55318823
CCCCCCCCCCCCCCCCCCNC(=O)C(CCCCCOC(=O)CCCCCCCCC)NCCCN(C)C,7.999709099
CCCCCCCCCCCCNC(=O)C(CCCCCOC(=O)CCCCCCCCC)NCCCN(C)C,5.758452103
CCCCCCCCCCCCCCNC(=O)C(CCCCCOC(=O)CCCCCCCCC)NCCCN(C)C,8.11860748
CCCCCCCCCCCCCCCCNC(=O)C(CCCCCOC(=O)CCCCCCCCC)NCCCN(C)C,7.410435644
CCCCCCCCCC(=O)OCCCCCC(NCCCN(CC)CC)C(=O)NCCCCCCCC\C=C/CCCCCCCC,8.711196025
CCCCCCCCCCCCCCCCCCNC(=O)C(CCCCCOC(=O)CCCCCCCCC)NCCCN(CC)CC,5.721983494
CCCCCCCCCCCCNC(=O)C(CCCCCOC(=O)CCCCCCCCC)NCCCN(CC)CC,3.111872333
CCCCCCCCCCCCCCNC(=O)C(CCCCCOC(=O)CCCCCCCCC)NCCCN(CC)CC,5.627567315
CCCCCCCCCCCCCCCCNC(=O)C(CCCCCOC(=O)CCCCCCCCC)NCCCN(CC)CC,3.955005309
CCCCCCCCCC(=O)OCCCCCC(NCCCN(CCCC)CCCC)C(=O)NCCCCCCCC\C=C/CCCCCCCC,14.60894915
CCCCCCCCCCCCCCCCCCNC(=O)C(CCCCCOC(=O)CCCCCCCCC)NCCCN(CCCC)CCCC,13.21307388
CCCCCCCCCCCCNC(=O)C(CCCCCOC(=O)CCCCCCCCC)NCCCN(CCCC)CCCC,9.258089477
CCCCCCCCCCCCCCNC(=O)C(CCCCCOC(=O)CCCCCCCCC)NCCCN(CCCC)CCCC,11.05668906
CCCCCCCCCCCCCCCCNC(=O)C(CCCCCOC(=O)CCCCCCCCC)NCCCN(CCCC)CCCC,9.816183737
CCCCCCCCCC(=O)OCCCCCC(NCCCN1CCCC1)C(=O)NCCCCCCCC\C=C/CCCCCCCC,8.629741416
CCCCCCCCCCCCCCCCCCNC(=O)C(CCCCCOC(=O)CCCCCCCCC)NCCCN1CCCC1,6.865175443
CCCCCCCCCCCCNC(=O)C(CCCCCOC(=O)CCCCCCCCC)NCCCN1CCCC1,3.740540367
CCCCCCCCCCCCCCNC(=O)C(CCCCCOC(=O)CCCCCCCCC)NCCCN1CCCC1,6.229997523
CCCCCCCCCCCCCCCCNC(=O)C(CCCCCOC(=O)CCCCCCCCC)NCCCN1CCCC1,3.409273135
CCCCCCCCCC(=O)OCCCCCC(NCCN(CC)CC)C(=O)NCCCCCCCC\C=C/CCCCCCCC,8.365583963
CCCCCCCCCCCCCCCCCCNC(=O)C(CCCCCOC(=O)CCCCCCCCC)NCCN(CC)CC,7.677942386
CCCCCCCCCCCCNC(=O)C(CCCCCOC(=O)CCCCCCCCC)NCCN(CC)CC,4.171759325
CCCCCCCCCCCCCCNC(=O)C(CCCCCOC(=O)CCCCCCCCC)NCCN(CC)CC,4.497262062
CCCCCCCCCCCCCCCCNC(=O)C(CCCCCOC(=O)CCCCCCCCC)NCCN(CC)CC,2.875187235
CCCCCCCCCC(=O)OCCCCCC(NC1CCN(C)CC1)C(=O)NCCCCCCCC\C=C/CCCCCCCC,7.990576746
CCCCCCCCCCCCCCCCCCNC(=O)C(CCCCCOC(=O)CCCCCCCCC)NC1CCN(C)CC1,8.120738041
CCCCCCCCCCCCNC(=O)C(CCCCCOC(=O)CCCCCCCCC)NC1CCN(C)CC1,8.260755976
CCCCCCCCCCCCCCNC(=O)C(CCCCCOC(=O)CCCCCCCCC)NC1CCN(C)CC1,6.039118929
CCCCCCCCCCCCCCCCNC(=O)C(CCCCCOC(=O)CCCCCCCCC)NC1CCN(C)CC1,8.099161263
CCCCCCCCCC(=O)OCCCCCC(NC1=CNN=C1)C(=O)NCCCCCCCC\C=C/CCCCCCCC,7.121533517
CCCCCCCCCCCCCCCCCCNC(=O)C(CCCCCOC(=O)CCCCCCCCC)NC1=CNN=C1,7.04608708
CCCCCCCCCCCCNC(=O)C(CCCCCOC(=O)CCCCCCCCC)NC1=CNN=C1,8.082639675
CCCCCCCCCCCCCCNC(=O)C(CCCCCOC(=O)CCCCCCCCC)NC1=CNN=C1,6.630643547
CCCCCCCCCCCCCCCCNC(=O)C(CCCCCOC(=O)CCCCCCCCC)NC1=CNN=C1,6.963260531
CCCCCCCCCC(=O)OCCCCCC(NC1=CC(C)=NN1C)C(=O)NCCCCCCCC\C=C/CCCCCCCC,10.10443495
CCCCCCCCCCCCCCCCCCNC(=O)C(CCCCCOC(=O)CCCCCCCCC)NC1=CC(C)=NN1C,8.657475765
CCCCCCCCCCCCNC(=O)C(CCCCCOC(=O)CCCCCCCCC)NC1=CC(C)=NN1C,7.530039327
CCCCCCCCCCCCCCNC(=O)C(CCCCCOC(=O)CCCCCCCCC)NC1=CC(C)=NN1C,5.859196558
CCCCCCCCCCCCCCCCNC(=O)C(CCCCCOC(=O)CCCCCCCCC)NC1=CC(C)=NN1C,8.749939463
CCCCCCCCCC(=O)OCCCCCC(NN1CCCCC1)C(=O)NCCCCCCCC\C=C/CCCCCCCC,7.528128483
CCCCCCCCCCCCCCCCCCNC(=O)C(CCCCCOC(=O)CCCCCCCCC)NN1CCCCC1,8.172197468
CCCCCCCCCCCCNC(=O)C(CCCCCOC(=O)CCCCCCCCC)NN1CCCCC1,8.572009562
CCCCCCCCCCCCCCNC(=O)C(CCCCCOC(=O)CCCCCCCCC)NN1CCCCC1,6.237503339
CCCCCCCCCCCCCCCCNC(=O)C(CCCCCOC(=O)CCCCCCCCC)NN1CCCCC1,8.149877162
CCCCCCCCCC(=O)OCCCCCC(NCCN(CCN)CCN)C(=O)NCCCCCCCC\C=C/CCCCCCCC,9.889236844
CCCCCCCCCCCCCCCCCCNC(=O)C(CCCCCOC(=O)CCCCCCCCC)NCCN(CCN)CCN,9.502316719
CCCCCCCCCCCCNC(=O)C(CCCCCOC(=O)CCCCCCCCC)NCCN(CCN)CCN,5.924767182
CCCCCCCCCCCCCCNC(=O)C(CCCCCOC(=O)CCCCCCCCC)NCCN(CCN)CCN,6.474078291
CCCCCCCCCCCCCCCCNC(=O)C(CCCCCOC(=O)CCCCCCCCC)NCCN(CCN)CCN,5.027557406
CCCCCCCCCC(=O)OCCCCCC(NCCN1CCCC1)C(=O)NCCCCCCCC\C=C/CCCCCCCC,8.723234301
CCCCCCCCCCCCCCCCCCNC(=O)C(CCCCCOC(=O)CCCCCCCCC)NCCN1CCCC1,7.021404494
CCCCCCCCCCCCNC(=O)C(CCCCCOC(=O)CCCCCCCCC)NCCN1CCCC1,8.063189349
CCCCCCCCCCCCCCNC(=O)C(CCCCCOC(=O)CCCCCCCCC)NCCN1CCCC1,8.656441202
CCCCCCCCCCCCCCCCNC(=O)C(CCCCCOC(=O)CCCCCCCCC)NCCN1CCCC1,7.039612094
CCCCCCCCCC(=O)OCCCCCC(NCCN1CCCCC1)C(=O)NCCCCCCCC\C=C/CCCCCCCC,8.496520937
CCCCCCCCCCCCCCCCCCNC(=O)C(CCCCCOC(=O)CCCCCCCCC)NCCN1CCCCC1,8.258516948
CCCCCCCCCCCCNC(=O)C(CCCCCOC(=O)CCCCCCCCC)NCCN1CCCCC1,8.867660567
CCCCCCCCCCCCCCNC(=O)C(CCCCCOC(=O)CCCCCCCCC)NCCN1CCCCC1,8.644944296
CCCCCCCCCCCCCCCCNC(=O)C(CCCCCOC(=O)CCCCCCCCC)NCCN1CCCCC1,8.13982192
CCCCCCCCCC(=O)OCCCCCC(NCCN(C(C)C)C(C)C)C(=O)NCCCCCCCC\C=C/CCCCCCCC,8.634659816
CCCCCCCCCCCCCCCCCCNC(=O)C(CCCCCOC(=O)CCCCCCCCC)NCCN(C(C)C)C(C)C,6.620469202
CCCCCCCCCCCCNC(=O)C(CCCCCOC(=O)CCCCCCCCC)NCCN(C(C)C)C(C)C,7.780362632
CCCCCCCCCCCCCCNC(=O)C(CCCCCOC(=O)CCCCCCCCC)NCCN(C(C)C)C(C)C,8.157449345
CCCCCCCCCCCCCCCCNC(=O)C(CCCCCOC(=O)CCCCCCCCC)NCCN(C(C)C)C(C)C,6.758378713
CCCCCCCC\C=C/CCCCCCCCNC(=O)C(CCCCCOC(=O)CCCCCCCCC#C)NCCCN(C)CCCN,0.078480098
CCCCCCCCCCCCCCCCCCNC(=O)C(CCCCCOC(=O)CCCCCCCCC#C)NCCCN(C)CCCN,0.48393258
CCCCCCCCCCCCNC(=O)C(CCCCCOC(=O)CCCCCCCCC#C)NCCCN(C)CCCN,0.121732919
CCCCCCCCCCCCCCNC(=O)C(CCCCCOC(=O)CCCCCCCCC#C)NCCCN(C)CCCN,1.870151814
CCCCCCCCCCCCCCCCNC(=O)C(CCCCCOC(=O)CCCCCCCCC#C)NCCCN(C)CCCN,0.240203697
CCCCCCCC\C=C/CCCCCCCCNC(=O)C(CCCCCOC(=O)CCCCCCCCC#C)NCC1CCCN1CC,0.608027568
CCCCCCCCCCCCCCCCCCNC(=O)C(CCCCCOC(=O)CCCCCCCCC#C)NCC1CCCN1CC,0.583937204
CCCCCCCCCCCCNC(=O)C(CCCCCOC(=O)CCCCCCCCC#C)NCC1CCCN1CC,1.547099217
CCCCCCCCCCCCCCNC(=O)C(CCCCCOC(=O)CCCCCCCCC#C)NCC1CCCN1CC,1.283886448
CCCCCCCCCCCCCCCCNC(=O)C(CCCCCOC(=O)CCCCCCCCC#C)NCC1CCCN1CC,0.953283501
CCCCCCCC\C=C/CCCCCCCCNC(=O)C(CCCCCOC(=O)CCCCCCCCC#C)NCCN1CCNCC1,1.248788939
CCCCCCCCCCCCCCCCCCNC(=O)C(CCCCCOC(=O)CCCCCCCCC#C)NCCN1CCNCC1,0.315765356
CCCCCCCCCCCCNC(=O)C(CCCCCOC(=O)CCCCCCCCC#C)NCCN1CCNCC1,1.387220498
CCCCCCCCCCCCCCNC(=O)C(CCCCCOC(=O)CCCCCCCCC#C)NCCN1CCNCC1,2.035671716
CCCCCCCCCCCCCCCCNC(=O)C(CCCCCOC(=O)CCCCCCCCC#C)NCCN1CCNCC1,1.190144639
CCCCCCCC\C=C/CCCCCCCCNC(=O)C(CCCCCOC(=O)CCCCCCCCC#C)NC1CCNCC1,1.725336842
CCCCCCCCCCCCCCCCCCNC(=O)C(CCCCCOC(=O)CCCCCCCCC#C)NC1CCNCC1,-0.398325772
CCCCCCCCCCCCNC(=O)C(CCCCCOC(=O)CCCCCCCCC#C)NC1CCNCC1,0.857306754
CCCCCCCCCCCCCCNC(=O)C(CCCCCOC(=O)CCCCCCCCC#C)NC1CCNCC1,-1.598296976
CCCCCCCCCCCCCCCCNC(=O)C(CCCCCOC(=O)CCCCCCCCC#C)NC1CCNCC1,0.589669503
CCCCCCCC\C=C/CCCCCCCCNC(=O)C(CCCCCOC(=O)CCCCCCCCC#C)NCCN(C)C,6.931492581
CCCCCCCCCCCCCCCCCCNC(=O)C(CCCCCOC(=O)CCCCCCCCC#C)NCCN(C)C,1.897003481
CCCCCCCCCCCCNC(=O)C(CCCCCOC(=O)CCCCCCCCC#C)NCCN(C)C,-0.039069565
CCCCCCCCCCCCCCNC(=O)C(CCCCCOC(=O)CCCCCCCCC#C)NCCN(C)C,4.267516873
CCCCCCCCCCCCCCCCNC(=O)C(CCCCCOC(=O)CCCCCCCCC#C)NCCN(C)C,-0.193548008
CCCCCCCC\C=C/CCCCCCCCNC(=O)C(CCCCCOC(=O)CCCCCCCCC#C)NCCCN(C)C,7.245699411
CCCCCCCCCCCCCCCCCCNC(=O)C(CCCCCOC(=O)CCCCCCCCC#C)NCCCN(C)C,6.235958403
CCCCCCCCCCCCNC(=O)C(CCCCCOC(=O)CCCCCCCCC#C)NCCCN(C)C,4.260336008
CCCCCCCCCCCCCCNC(=O)C(CCCCCOC(=O)CCCCCCCCC#C)NCCCN(C)C,6.814874539
CCCCCCCCCCCCCCCCNC(=O)C(CCCCCOC(=O)CCCCCCCCC#C)NCCCN(C)C,5.189380615
CCCCCCCC\C=C/CCCCCCCCNC(=O)C(CCCCCOC(=O)CCCCCCCCC#C)NCCCN(CC)CC,6.775325342
CCCCCCCCCCCCCCCCCCNC(=O)C(CCCCCOC(=O)CCCCCCCCC#C)NCCCN(CC)CC,6.878053015
CCCCCCCCCCCCNC(=O)C(CCCCCOC(=O)CCCCCCCCC#C)NCCCN(CC)CC,1.466422886
CCCCCCCCCCCCCCNC(=O)C(CCCCCOC(=O)CCCCCCCCC#C)NCCCN(CC)CC,2.322259537
CCCCCCCCCCCCCCCCNC(=O)C(CCCCCOC(=O)CCCCCCCCC#C)NCCCN(CC)CC,1.468621222
CCCCCCCC\C=C/CCCCCCCCNC(=O)C(CCCCCOC(=O)CCCCCCCCC#C)NCCCN(CCCC)CCCC,8.563423552
CCCCCCCCCCCCCCCCCCNC(=O)C(CCCCCOC(=O)CCCCCCCCC#C)NCCCN(CCCC)CCCC,3.41349722
CCCCCCCCCCCCNC(=O)C(CCCCCOC(=O)CCCCCCCCC#C)NCCCN(CCCC)CCCC,3.929473004
CCCCCCCCCCCCCCNC(=O)C(CCCCCOC(=O)CCCCCCCCC#C)NCCCN(CCCC)CCCC,7.300600493
CCCCCCCCCCCCCCCCNC(=O)C(CCCCCOC(=O)CCCCCCCCC#C)NCCCN(CCCC)CCCC,3.828485983
CCCCCCCC\C=C/CCCCCCCCNC(=O)C(CCCCCOC(=O)CCCCCCCCC#C)NCCCN1CCCC1,7.055760462
CCCCCCCCCCCCCCCCCCNC(=O)C(CCCCCOC(=O)CCCCCCCCC#C)NCCCN1CCCC1,6.281898444
CCCCCCCCCCCCNC(=O)C(CCCCCOC(=O)CCCCCCCCC#C)NCCCN1CCCC1,2.804204932
CCCCCCCCCCCCCCNC(=O)C(CCCCCOC(=O)CCCCCCCCC#C)NCCCN1CCCC1,4.656474432
CCCCCCCCCCCCCCCCNC(=O)C(CCCCCOC(=O)CCCCCCCCC#C)NCCCN1CCCC1,2.002373847
CCCCCCCC\C=C/CCCCCCCCNC(=O)C(CCCCCOC(=O)CCCCCCCCC#C)NCCN(CC)CC,6.728744429
CCCCCCCCCCCCCCCCCCNC(=O)C(CCCCCOC(=O)CCCCCCCCC#C)NCCN(CC)CC,5.115289124
CCCCCCCCCCCCNC(=O)C(CCCCCOC(=O)CCCCCCCCC#C)NCCN(CC)CC,1.764238524
CCCCCCCCCCCCCCNC(=O)C(CCCCCOC(=O)CCCCCCCCC#C)NCCN(CC)CC,4.583365118
CCCCCCCCCCCCCCCCNC(=O)C(CCCCCOC(=O)CCCCCCCCC#C)NCCN(CC)CC,0.951494991
CCCCCCCC\C=C/CCCCCCCCNC(=O)C(CCCCCOC(=O)CCCCCCCCC#C)NC1CCN(C)CC1,7.235216462
CCCCCCCCCCCCCCCCCCNC(=O)C(CCCCCOC(=O)CCCCCCCCC#C)NC1CCN(C)CC1,5.212607607
CCCCCCCCCCCCNC(=O)C(CCCCCOC(=O)CCCCCCCCC#C)NC1CCN(C)CC1,6.689965053
CCCCCCCCCCCCCCNC(=O)C(CCCCCOC(=O)CCCCCCCCC#C)NC1CCN(C)CC1,5.076441998
CCCCCCCCCCCCCCCCNC(=O)C(CCCCCOC(=O)CCCCCCCCC#C)NC1CCN(C)CC1,5.369397717
CCCCCCCC\C=C/CCCCCCCCNC(=O)C(CCCCCOC(=O)CCCCCCCCC#C)NC1=CNN=C1,5.94641896
CCCCCCCCCCCCCCCCCCNC(=O)C(CCCCCOC(=O)CCCCCCCCC#C)NC1=CNN=C1,4.44843227
CCCCCCCCCCCCNC(=O)C(CCCCCOC(=O)CCCCCCCCC#C)NC1=CNN=C1,6.812980149
CCCCCCCCCCCCCCNC(=O)C(CCCCCOC(=O)CCCCCCCCC#C)NC1=CNN=C1,5.815786817
CCCCCCCCCCCCCCCCNC(=O)C(CCCCCOC(=O)CCCCCCCCC#C)NC1=CNN=C1,4.291850612
CCCCCCCC\C=C/CCCCCCCCNC(=O)C(CCCCCOC(=O)CCCCCCCCC#C)NC1=CC(C)=NN1C,7.353146825
CCCCCCCCCCCCCCCCCCNC(=O)C(CCCCCOC(=O)CCCCCCCCC#C)NC1=CC(C)=NN1C,5.380733025
CCCCCCCCCCCCNC(=O)C(CCCCCOC(=O)CCCCCCCCC#C)NC1=CC(C)=NN1C,7.281908368
CCCCCCCCCCCCCCNC(=O)C(CCCCCOC(=O)CCCCCCCCC#C)NC1=CC(C)=NN1C,4.620108645
CCCCCCCCCCCCCCCCNC(=O)C(CCCCCOC(=O)CCCCCCCCC#C)NC1=CC(C)=NN1C,5.57821809
CCCCCCCC\C=C/CCCCCCCCNC(=O)C(CCCCCOC(=O)CCCCCCCCC#C)NN1CCCCC1,6.863153805
CCCCCCCCCCCCCCCCCCNC(=O)C(CCCCCOC(=O)CCCCCCCCC#C)NN1CCCCC1,3.956765505
CCCCCCCCCCCCNC(=O)C(CCCCCOC(=O)CCCCCCCCC#C)NN1CCCCC1,6.604561639
CCCCCCCCCCCCCCNC(=O)C(CCCCCOC(=O)CCCCCCCCC#C)NN1CCCCC1,6.535848569
CCCCCCCCCCCCCCCCNC(=O)C(CCCCCOC(=O)CCCCCCCCC#C)NN1CCCCC1,3.948560829
CCCCCCCC\C=C/CCCCCCCCNC(=O)C(CCCCCOC(=O)CCCCCCCCC#C)NCCN(CCN)CCN,7.862508597
CCCCCCCCCCCCCCCCCCNC(=O)C(CCCCCOC(=O)CCCCCCCCC#C)NCCN(CCN)CCN,4.736207594
CCCCCCCCCCCCNC(=O)C(CCCCCOC(=O)CCCCCCCCC#C)NCCN(CCN)CCN,5.248507025
CCCCCCCCCCCCCCNC(=O)C(CCCCCOC(=O)CCCCCCCCC#C)NCCN(CCN)CCN,7.994890235
CCCCCCCCCCCCCCCCNC(=O)C(CCCCCOC(=O)CCCCCCCCC#C)NCCN(CCN)CCN,5.254778386
CCCCCCCC\C=C/CCCCCCCCNC(=O)C(CCCCCOC(=O)CCCCCCCCC#C)NCCN1CCCC1,8.432889831
CCCCCCCCCCCCCCCCCCNC(=O)C(CCCCCOC(=O)CCCCCCCCC#C)NCCN1CCCC1,6.951351953
CCCCCCCCCCCCNC(=O)C(CCCCCOC(=O)CCCCCCCCC#C)NCCN1CCCC1,6.719436255
CCCCCCCCCCCCCCNC(=O)C(CCCCCOC(=O)CCCCCCCCC#C)NCCN1CCCC1,7.756717195
CCCCCCCCCCCCCCCCNC(=O)C(CCCCCOC(=O)CCCCCCCCC#C)NCCN1CCCC1,7.050280736
CCCCCCCC\C=C/CCCCCCCCNC(=O)C(CCCCCOC(=O)CCCCCCCCC#C)NCCN1CCCCC1,7.135709286
CCCCCCCCCCCCCCCCCCNC(=O)C(CCCCCOC(=O)CCCCCCCCC#C)NCCN1CCCCC1,5.337380757
CCCCCCCCCCCCNC(=O)C(CCCCCOC(=O)CCCCCCCCC#C)NCCN1CCCCC1,6.171891945
CCCCCCCCCCCCCCNC(=O)C(CCCCCOC(=O)CCCCCCCCC#C)NCCN1CCCCC1,6.282817031
CCCCCCCCCCCCCCCCNC(=O)C(CCCCCOC(=O)CCCCCCCCC#C)NCCN1CCCCC1,5.248686144
CCCCCCCC\C=C/CCCCCCCCNC(=O)C(CCCCCOC(=O)CCCCCCCCC#C)NCCN(C(C)C)C(C)C,7.3819034
CCCCCCCCCCCCCCCCCCNC(=O)C(CCCCCOC(=O)CCCCCCCCC#C)NCCN(C(C)C)C(C)C,5.452928073
CCCCCCCCCCCCNC(=O)C(CCCCCOC(=O)CCCCCCCCC#C)NCCN(C(C)C)C(C)C,7.838306267
CCCCCCCCCCCCCCNC(=O)C(CCCCCOC(=O)CCCCCCCCC#C)NCCN(C(C)C)C(C)C,7.8603823
CCCCCCCCCCCCCCCCNC(=O)C(CCCCCOC(=O)CCCCCCCCC#C)NCCN(C(C)C)C(C)C,5.088329397
CCCCCCCCCCC(=O)OCCCCCC(NCCCN(C)CCCN)C(=O)NCCCCCCCC\C=C/CCCCCCCC,3.021483658
CCCCCCCCCCCCCCCCCCNC(=O)C(CCCCCOC(=O)CCCCCCCCCC)NCCCN(C)CCCN,0.880828299
CCCCCCCCCCCCNC(=O)C(CCCCCOC(=O)CCCCCCCCCC)NCCCN(C)CCCN,2.404281565
CCCCCCCCCCCCCCNC(=O)C(CCCCCOC(=O)CCCCCCCCCC)NCCCN(C)CCCN,2.721047841
CCCCCCCCCCCCCCCCNC(=O)C(CCCCCOC(=O)CCCCCCCCCC)NCCCN(C)CCCN,2.429607403
CCCCCCCCCCC(=O)OCCCCCC(NCC1CCCN1CC)C(=O)NCCCCCCCC\C=C/CCCCCCCC,1.846083454
CCCCCCCCCCCCCCCCCCNC(=O)C(CCCCCOC(=O)CCCCCCCCCC)NCC1CCCN1CC,1.988578154
CCCCCCCCCCCCNC(=O)C(CCCCCOC(=O)CCCCCCCCCC)NCC1CCCN1CC,0.922068372
CCCCCCCCCCCCCCNC(=O)C(CCCCCOC(=O)CCCCCCCCCC)NCC1CCCN1CC,1.175297233
CCCCCCCCCCCCCCCCNC(=O)C(CCCCCOC(=O)CCCCCCCCCC)NCC1CCCN1CC,2.030424895
CCCCCCCCCCC(=O)OCCCCCC(NCCN1CCNCC1)C(=O)NCCCCCCCC\C=C/CCCCCCCC,3.218485162
CCCCCCCCCCCCCCCCCCNC(=O)C(CCCCCOC(=O)CCCCCCCCCC)NCCN1CCNCC1,2.924088542
CCCCCCCCCCCCNC(=O)C(CCCCCOC(=O)CCCCCCCCCC)NCCN1CCNCC1,3.103243046
CCCCCCCCCCCCCCNC(=O)C(CCCCCOC(=O)CCCCCCCCCC)NCCN1CCNCC1,1.640323879
CCCCCCCCCCCCCCCCNC(=O)C(CCCCCOC(=O)CCCCCCCCCC)NCCN1CCNCC1,3.026241583
CCCCCCCCCCC(=O)OCCCCCC(NC1CCNCC1)C(=O)NCCCCCCCC\C=C/CCCCCCCC,0.531489695
CCCCCCCCCCCCCCCCCCNC(=O)C(CCCCCOC(=O)CCCCCCCCCC)NC1CCNCC1,2.011332128
CCCCCCCCCCCCNC(=O)C(CCCCCOC(=O)CCCCCCCCCC)NC1CCNCC1,3.070633519
CCCCCCCCCCCCCCNC(=O)C(CCCCCOC(=O)CCCCCCCCCC)NC1CCNCC1,1.383618298
CCCCCCCCCCCCCCCCNC(=O)C(CCCCCOC(=O)CCCCCCCCCC)NC1CCNCC1,1.434166045
CCCCCCCCCCC(=O)OCCCCCC(NCCN(C)C)C(=O)NCCCCCCCC\C=C/CCCCCCCC,9.633703501
CCCCCCCCCCCCCCCCCCNC(=O)C(CCCCCOC(=O)CCCCCCCCCC)NCCN(C)C,8.616315938
CCCCCCCCCCCCNC(=O)C(CCCCCOC(=O)CCCCCCCCCC)NCCN(C)C,4.056689418
CCCCCCCCCCCCCCNC(=O)C(CCCCCOC(=O)CCCCCCCCCC)NCCN(C)C,3.951554366
CCCCCCCCCCCCCCCCNC(=O)C(CCCCCOC(=O)CCCCCCCCCC)NCCN(C)C,2.561579522
CCCCCCCCCCC(=O)OCCCCCC(NCCCN(C)C)C(=O)NCCCCCCCC\C=C/CCCCCCCC,7.110560954
CCCCCCCCCCCCCCCCCCNC(=O)C(CCCCCOC(=O)CCCCCCCCCC)NCCCN(C)C,4.373780465
CCCCCCCCCCCCNC(=O)C(CCCCCOC(=O)CCCCCCCCCC)NCCCN(C)C,3.155165844
CCCCCCCCCCCCCCNC(=O)C(CCCCCOC(=O)CCCCCCCCCC)NCCCN(C)C,2.106328634
CCCCCCCCCCCCCCCCNC(=O)C(CCCCCOC(=O)CCCCCCCCCC)NCCCN(C)C,3.064926525
CCCCCCCCCCC(=O)OCCCCCC(NCCCN(CC)CC)C(=O)NCCCCCCCC\C=C/CCCCCCCC,11.16420299
CCCCCCCCCCCCCCCCCCNC(=O)C(CCCCCOC(=O)CCCCCCCCCC)NCCCN(CC)CC,9.099136274
CCCCCCCCCCCCNC(=O)C(CCCCCOC(=O)CCCCCCCCCC)NCCCN(CC)CC,7.335594915
CCCCCCCCCCCCCCNC(=O)C(CCCCCOC(=O)CCCCCCCCCC)NCCCN(CC)CC,6.965006357
CCCCCCCCCCCCCCCCNC(=O)C(CCCCCOC(=O)CCCCCCCCCC)NCCCN(CC)CC,5.87187398
CCCCCCCCCCC(=O)OCCCCCC(NCCCN(CCCC)CCCC)C(=O)NCCCCCCCC\C=C/CCCCCCCC,5.95032256
CCCCCCCCCCCCCCCCCCNC(=O)C(CCCCCOC(=O)CCCCCCCCCC)NCCCN(CCCC)CCCC,3.321827274
CCCCCCCCCCCCNC(=O)C(CCCCCOC(=O)CCCCCCCCCC)NCCCN(CCCC)CCCC,3.339442059
CCCCCCCCCCCCCCNC(=O)C(CCCCCOC(=O)CCCCCCCCCC)NCCCN(CCCC)CCCC,2.929725453
CCCCCCCCCCCCCCCCNC(=O)C(CCCCCOC(=O)CCCCCCCCCC)NCCCN(CCCC)CCCC,1.115190593
CCCCCCCCCCC(=O)OCCCCCC(NCCCN1CCCC1)C(=O)NCCCCCCCC\C=C/CCCCCCCC,12.20238276
CCCCCCCCCCCCCCCCCCNC(=O)C(CCCCCOC(=O)CCCCCCCCCC)NCCCN1CCCC1,10.64742095
CCCCCCCCCCCCNC(=O)C(CCCCCOC(=O)CCCCCCCCCC)NCCCN1CCCC1,5.890647184
CCCCCCCCCCCCCCNC(=O)C(CCCCCOC(=O)CCCCCCCCCC)NCCCN1CCCC1,7.635022697
CCCCCCCCCCCCCCCCNC(=O)C(CCCCCOC(=O)CCCCCCCCCC)NCCCN1CCCC1,6.118594654
CCCCCCCCCCC(=O)OCCCCCC(NCCN(CC)CC)C(=O)NCCCCCCCC\C=C/CCCCCCCC,11.27475482
CCCCCCCCCCCCCCCCCCNC(=O)C(CCCCCOC(=O)CCCCCCCCCC)NCCN(CC)CC,10.5927354
CCCCCCCCCCCCNC(=O)C(CCCCCOC(=O)CCCCCCCCCC)NCCN(CC)CC,3.81049805
CCCCCCCCCCCCCCNC(=O)C(CCCCCOC(=O)CCCCCCCCCC)NCCN(CC)CC,6.365487578
CCCCCCCCCCCCCCCCNC(=O)C(CCCCCOC(=O)CCCCCCCCCC)NCCN(CC)CC,4.99546026
CCCCCCCCCCC(=O)OCCCCCC(NC1CCN(C)CC1)C(=O)NCCCCCCCC\C=C/CCCCCCCC,2.898853277
CCCCCCCCCCCCCCCCCCNC(=O)C(CCCCCOC(=O)CCCCCCCCCC)NC1CCN(C)CC1,2.300164745
CCCCCCCCCCCCNC(=O)C(CCCCCOC(=O)CCCCCCCCCC)NC1CCN(C)CC1,1.568252845
CCCCCCCCCCCCCCNC(=O)C(CCCCCOC(=O)CCCCCCCCCC)NC1CCN(C)CC1,1.708273026
CCCCCCCCCCCCCCCCNC(=O)C(CCCCCOC(=O)CCCCCCCCCC)NC1CCN(C)CC1,2.426360561
CCCCCCCCCCC(=O)OCCCCCC(NC1=CNN=C1)C(=O)NCCCCCCCC\C=C/CCCCCCCC,15.9596558
CCCCCCCCCCCCCCCCCCNC(=O)C(CCCCCOC(=O)CCCCCCCCCC)NC1=CNN=C1,15.06100494
CCCCCCCCCCCCNC(=O)C(CCCCCOC(=O)CCCCCCCCCC)NC1=CNN=C1,9.424890994
CCCCCCCCCCCCCCNC(=O)C(CCCCCOC(=O)CCCCCCCCCC)NC1=CNN=C1,13.92104289
CCCCCCCCCCCCCCCCNC(=O)C(CCCCCOC(=O)CCCCCCCCCC)NC1=CNN=C1,15.32705906
CCCCCCCCCCC(=O)OCCCCCC(NC1=CC(C)=NN1C)C(=O)NCCCCCCCC\C=C/CCCCCCCC,3.539158811
CCCCCCCCCCCCCCCCCCNC(=O)C(CCCCCOC(=O)CCCCCCCCCC)NC1=CC(C)=NN1C,2.543944781
CCCCCCCCCCCCNC(=O)C(CCCCCOC(=O)CCCCCCCCCC)NC1=CC(C)=NN1C,2.066075501
CCCCCCCCCCCCCCNC(=O)C(CCCCCOC(=O)CCCCCCCCCC)NC1=CC(C)=NN1C,1.51001629
CCCCCCCCCCCCCCCCNC(=O)C(CCCCCOC(=O)CCCCCCCCCC)NC1=CC(C)=NN1C,2.635317039
CCCCCCCCCCC(=O)OCCCCCC(NN1CCCCC1)C(=O)NCCCCCCCC\C=C/CCCCCCCC,5.781359714
CCCCCCCCCCCCCCCCCCNC(=O)C(CCCCCOC(=O)CCCCCCCCCC)NN1CCCCC1,5.102006704
CCCCCCCCCCCCNC(=O)C(CCCCCOC(=O)CCCCCCCCCC)NN1CCCCC1,2.069466902
CCCCCCCCCCCCCCNC(=O)C(CCCCCOC(=O)CCCCCCCCCC)NN1CCCCC1,4.531330085
CCCCCCCCCCCCCCCCNC(=O)C(CCCCCOC(=O)CCCCCCCCCC)NN1CCCCC1,5.391543941
CCCCCCCCCCC(=O)OCCCCCC(NCCN(CCN)CCN)C(=O)NCCCCCCCC\C=C/CCCCCCCC,7.414126659
CCCCCCCCCCCCCCCCCCNC(=O)C(CCCCCOC(=O)CCCCCCCCCC)NCCN(CCN)CCN,3.942377796
CCCCCCCCCCCCNC(=O)C(CCCCCOC(=O)CCCCCCCCCC)NCCN(CCN)CCN,4.794713483
CCCCCCCCCCCCCCNC(=O)C(CCCCCOC(=O)CCCCCCCCCC)NCCN(CCN)CCN,4.601273197
CCCCCCCCCCCCCCCCNC(=O)C(CCCCCOC(=O)CCCCCCCCCC)NCCN(CCN)CCN,2.335403735
CCCCCCCCCCC(=O)OCCCCCC(NCCN1CCCC1)C(=O)NCCCCCCCC\C=C/CCCCCCCC,5.767080925
CCCCCCCCCCCCCCCCCCNC(=O)C(CCCCCOC(=O)CCCCCCCCCC)NCCN1CCCC1,5.305210413
CCCCCCCCCCCCNC(=O)C(CCCCCOC(=O)CCCCCCCCCC)NCCN1CCCC1,1.152343473
CCCCCCCCCCCCCCNC(=O)C(CCCCCOC(=O)CCCCCCCCCC)NCCN1CCCC1,2.605418675
CCCCCCCCCCCCCCCCNC(=O)C(CCCCCOC(=O)CCCCCCCCCC)NCCN1CCCC1,5.506089443
CCCCCCCCCCC(=O)OCCCCCC(NCCN1CCCCC1)C(=O)NCCCCCCCC\C=C/CCCCCCCC,6.426264755
CCCCCCCCCCCCCCCCCCNC(=O)C(CCCCCOC(=O)CCCCCCCCCC)NCCN1CCCCC1,5.663167749
CCCCCCCCCCCCNC(=O)C(CCCCCOC(=O)CCCCCCCCCC)NCCN1CCCCC1,2.148706794
CCCCCCCCCCCCCCNC(=O)C(CCCCCOC(=O)CCCCCCCCCC)NCCN1CCCCC1,5.950493418
CCCCCCCCCCCCCCCCNC(=O)C(CCCCCOC(=O)CCCCCCCCCC)NCCN1CCCCC1,5.800017238
CCCCCCCCCCC(=O)OCCCCCC(NCCN(C(C)C)C(C)C)C(=O)NCCCCCCCC\C=C/CCCCCCCC,3.327926836
CCCCCCCCCCCCCCCCCCNC(=O)C(CCCCCOC(=O)CCCCCCCCCC)NCCN(C(C)C)C(C)C,2.870953449
CCCCCCCCCCCCNC(=O)C(CCCCCOC(=O)CCCCCCCCCC)NCCN(C(C)C)C(C)C,1.357981968
CCCCCCCCCCCCCCNC(=O)C(CCCCCOC(=O)CCCCCCCCCC)NCCN(C(C)C)C(C)C,2.025284705
CCCCCCCCCCCCCCCCNC(=O)C(CCCCCOC(=O)CCCCCCCCCC)NCCN(C(C)C)C(C)C,3.744234749
CCCCCCCC\C=C/CCCCCCCCNC(=O)C(CCCCCOC(=O)CCC(C)CCCCC)NCCCN(C)CCCN,3.652112324
CCCCCCCCCCCCCCCCCCNC(=O)C(CCCCCOC(=O)CCC(C)CCCCC)NCCCN(C)CCCN,1.823777155
CCCCCCCCCCCCNC(=O)C(CCCCCOC(=O)CCC(C)CCCCC)NCCCN(C)CCCN,4.225767933
CCCCCCCCCCCCCCNC(=O)C(CCCCCOC(=O)CCC(C)CCCCC)NCCCN(C)CCCN,0.846841388
CCCCCCCCCCCCCCCCNC(=O)C(CCCCCOC(=O)CCC(C)CCCCC)NCCCN(C)CCCN,3.748496007
CCCCCCCC\C=C/CCCCCCCCNC(=O)C(CCCCCOC(=O)CCC(C)CCCCC)NCC1CCCN1CC,1.545973383
CCCCCCCCCCCCCCCCCCNC(=O)C(CCCCCOC(=O)CCC(C)CCCCC)NCC1CCCN1CC,3.541788176
CCCCCCCCCCCCNC(=O)C(CCCCCOC(=O)CCC(C)CCCCC)NCC1CCCN1CC,4.120694322
CCCCCCCCCCCCCCNC(=O)C(CCCCCOC(=O)CCC(C)CCCCC)NCC1CCCN1CC,2.38648915
CCCCCCCCCCCCCCCCNC(=O)C(CCCCCOC(=O)CCC(C)CCCCC)NCC1CCCN1CC,0.474447662
CCCCCCCC\C=C/CCCCCCCCNC(=O)C(CCCCCOC(=O)CCC(C)CCCCC)NCCN1CCNCC1,5.056610971
CCCCCCCCCCCCCCCCCCNC(=O)C(CCCCCOC(=O)CCC(C)CCCCC)NCCN1CCNCC1,4.545874648
CCCCCCCCCCCCNC(=O)C(CCCCCOC(=O)CCC(C)CCCCC)NCCN1CCNCC1,4.490267589
CCCCCCCCCCCCCCNC(=O)C(CCCCCOC(=O)CCC(C)CCCCC)NCCN1CCNCC1,5.400947357
CCCCCCCCCCCCCCCCNC(=O)C(CCCCCOC(=O)CCC(C)CCCCC)NCCN1CCNCC1,4.808726947
CCCCCCCC\C=C/CCCCCCCCNC(=O)C(CCCCCOC(=O)CCC(C)CCCCC)NC1CCNCC1,1.666973469
CCCCCCCCCCCCCCCCCCNC(=O)C(CCCCCOC(=O)CCC(C)CCCCC)NC1CCNCC1,0.79995647
CCCCCCCCCCCCNC(=O)C(CCCCCOC(=O)CCC(C)CCCCC)NC1CCNCC1,2.365653619
CCCCCCCCCCCCCCNC(=O)C(CCCCCOC(=O)CCC(C)CCCCC)NC1CCNCC1,0.081208752
CCCCCCCCCCCCCCCCNC(=O)C(CCCCCOC(=O)CCC(C)CCCCC)NC1CCNCC1,2.308086816
CCCCCCCC\C=C/CCCCCCCCNC(=O)C(CCCCCOC(=O)CCC(C)CCCCC)NCCN(C)C,8.605765475
CCCCCCCCCCCCCCCCCCNC(=O)C(CCCCCOC(=O)CCC(C)CCCCC)NCCN(C)C,8.217415484
CCCCCCCCCCCCNC(=O)C(CCCCCOC(=O)CCC(C)CCCCC)NCCN(C)C,3.381790597
CCCCCCCCCCCCCCNC(=O)C(CCCCCOC(=O)CCC(C)CCCCC)NCCN(C)C,3.276645587
CCCCCCCCCCCCCCCCNC(=O)C(CCCCCOC(=O)CCC(C)CCCCC)NCCN(C)C,3.525779795
CCCCCCCC\C=C/CCCCCCCCNC(=O)C(CCCCCOC(=O)CCC(C)CCCCC)NCCCN(C)C,13.0268406
CCCCCCCCCCCCCCCCCCNC(=O)C(CCCCCOC(=O)CCC(C)CCCCC)NCCCN(C)C,10.05145434
CCCCCCCCCCCCNC(=O)C(CCCCCOC(=O)CCC(C)CCCCC)NCCCN(C)C,4.871775944
CCCCCCCCCCCCCCNC(=O)C(CCCCCOC(=O)CCC(C)CCCCC)NCCCN(C)C,4.742707281
CCCCCCCCCCCCCCCCNC(=O)C(CCCCCOC(=O)CCC(C)CCCCC)NCCCN(C)C,6.103143335
CCCCCCCC\C=C/CCCCCCCCNC(=O)C(CCCCCOC(=O)CCC(C)CCCCC)NCCCN(CC)CC,12.24070092
CCCCCCCCCCCCCCCCCCNC(=O)C(CCCCCOC(=O)CCC(C)CCCCC)NCCCN(CC)CC,9.801557337
CCCCCCCCCCCCNC(=O)C(CCCCCOC(=O)CCC(C)CCCCC)NCCCN(CC)CC,6.39212075
CCCCCCCCCCCCCCNC(=O)C(CCCCCOC(=O)CCC(C)CCCCC)NCCCN(CC)CC,8.887707732
CCCCCCCCCCCCCCCCNC(=O)C(CCCCCOC(=O)CCC(C)CCCCC)NCCCN(CC)CC,5.983065967
CCCCCCCC\C=C/CCCCCCCCNC(=O)C(CCCCCOC(=O)CCC(C)CCCCC)NCCCN(CCCC)CCCC,14.50547437
CCCCCCCCCCCCCCCCCCNC(=O)C(CCCCCOC(=O)CCC(C)CCCCC)NCCCN(CCCC)CCCC,13.58467978
CCCCCCCCCCCCNC(=O)C(CCCCCOC(=O)CCC(C)CCCCC)NCCCN(CCCC)CCCC,7.57066686
CCCCCCCCCCCCCCNC(=O)C(CCCCCOC(=O)CCC(C)CCCCC)NCCCN(CCCC)CCCC,6.62736135
CCCCCCCCCCCCCCCCNC(=O)C(CCCCCOC(=O)CCC(C)CCCCC)NCCCN(CCCC)CCCC,8.805740633
CCCCCCCC\C=C/CCCCCCCCNC(=O)C(CCCCCOC(=O)CCC(C)CCCCC)NCCCN1CCCC1,12.82501523
CCCCCCCCCCCCCCCCCCNC(=O)C(CCCCCOC(=O)CCC(C)CCCCC)NCCCN1CCCC1,9.951985231
CCCCCCCCCCCCNC(=O)C(CCCCCOC(=O)CCC(C)CCCCC)NCCCN1CCCC1,6.684199876
CCCCCCCCCCCCCCNC(=O)C(CCCCCOC(=O)CCC(C)CCCCC)NCCCN1CCCC1,0.58924582
CCCCCCCCCCCCCCCCNC(=O)C(CCCCCOC(=O)CCC(C)CCCCC)NCCCN1CCCC1,6.871865151
CCCCCCCC\C=C/CCCCCCCCNC(=O)C(CCCCCOC(=O)CCC(C)CCCCC)NCCN(CC)CC,11.14260528
CCCCCCCCCCCCCCCCCCNC(=O)C(CCCCCOC(=O)CCC(C)CCCCC)NCCN(CC)CC,10.63791125
CCCCCCCCCCCCNC(=O)C(CCCCCOC(=O)CCC(C)CCCCC)NCCN(CC)CC,6.620765472
CCCCCCCCCCCCCCNC(=O)C(CCCCCOC(=O)CCC(C)CCCCC)NCCN(CC)CC,7.597719611
CCCCCCCCCCCCCCCCNC(=O)C(CCCCCOC(=O)CCC(C)CCCCC)NCCN(CC)CC,4.815705311
CCCCCCCC\C=C/CCCCCCCCNC(=O)C(CCCCCOC(=O)CCC(C)CCCCC)NC1CCN(C)CC1,3.321928095
CCCCCCCCCCCCCCCCCCNC(=O)C(CCCCCOC(=O)CCC(C)CCCCC)NC1CCN(C)CC1,4.184578311
CCCCCCCCCCCCNC(=O)C(CCCCCOC(=O)CCC(C)CCCCC)NC1CCN(C)CC1,7.468089258
CCCCCCCCCCCCCCNC(=O)C(CCCCCOC(=O)CCC(C)CCCCC)NC1CCN(C)CC1,2.339735503
CCCCCCCCCCCCCCCCNC(=O)C(CCCCCOC(=O)CCC(C)CCCCC)NC1CCN(C)CC1,4.433468579
CCCCCCCC\C=C/CCCCCCCCNC(=O)C(CCCCCOC(=O)CCC(C)CCCCC)NC1=CNN=C1,6.759888183
CCCCCCCCCCCCCCCCCCNC(=O)C(CCCCCOC(=O)CCC(C)CCCCC)NC1=CNN=C1,5.722136794
CCCCCCCCCCCCNC(=O)C(CCCCCOC(=O)CCC(C)CCCCC)NC1=CNN=C1,3.925403948
CCCCCCCCCCCCCCNC(=O)C(CCCCCOC(=O)CCC(C)CCCCC)NC1=CNN=C1,3.972969534
CCCCCCCCCCCCCCCCNC(=O)C(CCCCCOC(=O)CCC(C)CCCCC)NC1=CNN=C1,5.880238439
CCCCCCCC\C=C/CCCCCCCCNC(=O)C(CCCCCOC(=O)CCC(C)CCCCC)NC1=CC(C)=NN1C,5.980139578
CCCCCCCCCCCCCCCCCCNC(=O)C(CCCCCOC(=O)CCC(C)CCCCC)NC1=CC(C)=NN1C,6.323159435
CCCCCCCCCCCCNC(=O)C(CCCCCOC(=O)CCC(C)CCCCC)NC1=CC(C)=NN1C,5.17174216
CCCCCCCCCCCCCCNC(=O)C(CCCCCOC(=O)CCC(C)CCCCC)NC1=CC(C)=NN1C,3.644125089
CCCCCCCCCCCCCCCCNC(=O)C(CCCCCOC(=O)CCC(C)CCCCC)NC1=CC(C)=NN1C,6.25639722
CCCCCCCC\C=C/CCCCCCCCNC(=O)C(CCCCCOC(=O)CCC(C)CCCCC)NN1CCCCC1,4.279223644
CCCCCCCCCCCCCCCCCCNC(=O)C(CCCCCOC(=O)CCC(C)CCCCC)NN1CCCCC1,4.788149826
CCCCCCCCCCCCNC(=O)C(CCCCCOC(=O)CCC(C)CCCCC)NN1CCCCC1,1.82143868
CCCCCCCCCCCCCCNC(=O)C(CCCCCOC(=O)CCC(C)CCCCC)NN1CCCCC1,2.858216378
CCCCCCCCCCCCCCCCNC(=O)C(CCCCCOC(=O)CCC(C)CCCCC)NN1CCCCC1,4.837513525
CCCCCCCC\C=C/CCCCCCCCNC(=O)C(CCCCCOC(=O)CCC(C)CCCCC)NCCN(CCN)CCN,6.479327732
CCCCCCCCCCCCCCCCCCNC(=O)C(CCCCCOC(=O)CCC(C)CCCCC)NCCN(CCN)CCN,2.329861014
CCCCCCCCCCCCNC(=O)C(CCCCCOC(=O)CCC(C)CCCCC)NCCN(CCN)CCN,2.278325313
CCCCCCCCCCCCCCNC(=O)C(CCCCCOC(=O)CCC(C)CCCCC)NCCN(CCN)CCN,0.720188267
CCCCCCCCCCCCCCCCNC(=O)C(CCCCCOC(=O)CCC(C)CCCCC)NCCN(CCN)CCN,2.605524568
CCCCCCCC\C=C/CCCCCCCCNC(=O)C(CCCCCOC(=O)CCC(C)CCCCC)NCCN1CCCC1,15.08253197
CCCCCCCCCCCCCCCCCCNC(=O)C(CCCCCOC(=O)CCC(C)CCCCC)NCCN1CCCC1,13.85259037
CCCCCCCCCCCCNC(=O)C(CCCCCOC(=O)CCC(C)CCCCC)NCCN1CCCC1,9.54572096
CCCCCCCCCCCCCCNC(=O)C(CCCCCOC(=O)CCC(C)CCCCC)NCCN1CCCC1,12.85231723
CCCCCCCCCCCCCCCCNC(=O)C(CCCCCOC(=O)CCC(C)CCCCC)NCCN1CCCC1,13.91617393
CCCCCCCC\C=C/CCCCCCCCNC(=O)C(CCCCCOC(=O)CCC(C)CCCCC)NCCN1CCCCC1,12.96872678
CCCCCCCCCCCCCCCCCCNC(=O)C(CCCCCOC(=O)CCC(C)CCCCC)NCCN1CCCCC1,12.04549067
CCCCCCCCCCCCNC(=O)C(CCCCCOC(=O)CCC(C)CCCCC)NCCN1CCCCC1,8.267735753
CCCCCCCCCCCCCCNC(=O)C(CCCCCOC(=O)CCC(C)CCCCC)NCCN1CCCCC1,12.7632924
CCCCCCCCCCCCCCCCNC(=O)C(CCCCCOC(=O)CCC(C)CCCCC)NCCN1CCCCC1,12.13741041
CCCCCCCC\C=C/CCCCCCCCNC(=O)C(CCCCCOC(=O)CCC(C)CCCCC)NCCN(C(C)C)C(C)C,9.239200709
CCCCCCCCCCCCCCCCCCNC(=O)C(CCCCCOC(=O)CCC(C)CCCCC)NCCN(C(C)C)C(C)C,7.833800451
CCCCCCCCCCCCNC(=O)C(CCCCCOC(=O)CCC(C)CCCCC)NCCN(C(C)C)C(C)C,6.979373799
CCCCCCCCCCCCCCNC(=O)C(CCCCCOC(=O)CCC(C)CCCCC)NCCN(C(C)C)C(C)C,10.60508904
CCCCCCCCCCCCCCCCNC(=O)C(CCCCCOC(=O)CCC(C)CCCCC)NCCN(C(C)C)C(C)C,8.009390648
CCCCCCCC\C=C/CCCCCCCCNC(=O)C(CCCCCOC(=O)CCCCCCCC)NCCCN(C)CCCN,1.169469105
CCCCCCCCCCCCCCCCCCNC(=O)C(CCCCCOC(=O)CCCCCCCC)NCCCN(C)CCCN,-0.584040356
CCCCCCCCCCCCNC(=O)C(CCCCCOC(=O)CCCCCCCC)NCCCN(C)CCCN,0.396268649
CCCCCCCCCCCCCCNC(=O)C(CCCCCOC(=O)CCCCCCCC)NCCCN(C)CCCN,0.382406656
CCCCCCCCCCCCCCCCNC(=O)C(CCCCCOC(=O)CCCCCCCC)NCCCN(C)CCCN,1.28757659
CCCCCCCC\C=C/CCCCCCCCNC(=O)C(CCCCCOC(=O)CCCCCCCC)NCC1CCCN1CC,1.607907633
CCCCCCCCCCCCCCCCCCNC(=O)C(CCCCCOC(=O)CCCCCCCC)NCC1CCCN1CC,1.54769007
CCCCCCCCCCCCNC(=O)C(CCCCCOC(=O)CCCCCCCC)NCC1CCCN1CC,1.006779932
CCCCCCCCCCCCCCNC(=O)C(CCCCCOC(=O)CCCCCCCC)NCC1CCCN1CC,0.675013743
CCCCCCCCCCCCCCCCNC(=O)C(CCCCCOC(=O)CCCCCCCC)NCC1CCCN1CC,1.711936108
CCCCCCCC\C=C/CCCCCCCCNC(=O)C(CCCCCOC(=O)CCCCCCCC)NCCN1CCNCC1,2.231768227
CCCCCCCCCCCCCCCCCCNC(=O)C(CCCCCOC(=O)CCCCCCCC)NCCN1CCNCC1,0.589873808
CCCCCCCCCCCCNC(=O)C(CCCCCOC(=O)CCCCCCCC)NCCN1CCNCC1,0.472575757
CCCCCCCCCCCCCCNC(=O)C(CCCCCOC(=O)CCCCCCCC)NCCN1CCNCC1,1.704553845
CCCCCCCCCCCCCCCCNC(=O)C(CCCCCOC(=O)CCCCCCCC)NCCN1CCNCC1,1.125658993
CCCCCCCC\C=C/CCCCCCCCNC(=O)C(CCCCCOC(=O)CCCCCCCC)NC1CCNCC1,1.250376658
CCCCCCCCCCCCCCCCCCNC(=O)C(CCCCCOC(=O)CCCCCCCC)NC1CCNCC1,1.069627748
CCCCCCCCCCCCNC(=O)C(CCCCCOC(=O)CCCCCCCC)NC1CCNCC1,1.596136418
CCCCCCCCCCCCCCNC(=O)C(CCCCCOC(=O)CCCCCCCC)NC1CCNCC1,-0.200542262
CCCCCCCCCCCCCCCCNC(=O)C(CCCCCOC(=O)CCCCCCCC)NC1CCNCC1,-0.32292775
CCCCCCCC\C=C/CCCCCCCCNC(=O)C(CCCCCOC(=O)CCCCCCCC)NCCN(C)C,7.71228255
CCCCCCCCCCCCCCCCCCNC(=O)C(CCCCCOC(=O)CCCCCCCC)NCCN(C)C,7.210949223
CCCCCCCCCCCCNC(=O)C(CCCCCOC(=O)CCCCCCCC)NCCN(C)C,4.2313128
CCCCCCCCCCCCCCNC(=O)C(CCCCCOC(=O)CCCCCCCC)NCCN(C)C,4.859567404
CCCCCCCCCCCCCCCCNC(=O)C(CCCCCOC(=O)CCCCCCCC)NCCN(C)C,-0.820232973
CCCCCCCC\C=C/CCCCCCCCNC(=O)C(CCCCCOC(=O)CCCCCCCC)NCCCN(C)C,9.335518454
CCCCCCCCCCCCCCCCCCNC(=O)C(CCCCCOC(=O)CCCCCCCC)NCCCN(C)C,6.077226445
CCCCCCCCCCCCNC(=O)C(CCCCCOC(=O)CCCCCCCC)NCCCN(C)C,4.687889841
CCCCCCCCCCCCCCNC(=O)C(CCCCCOC(=O)CCCCCCCC)NCCCN(C)C,7.456710557
CCCCCCCCCCCCCCCCNC(=O)C(CCCCCOC(=O)CCCCCCCC)NCCCN(C)C,5.068614519
CCCCCCCC\C=C/CCCCCCCCNC(=O)C(CCCCCOC(=O)CCCCCCCC)NCCCN(CC)CC,8.489808509
CCCCCCCCCCCCCCCCCCNC(=O)C(CCCCCOC(=O)CCCCCCCC)NCCCN(CC)CC,7.016068858
CCCCCCCCCCCCNC(=O)C(CCCCCOC(=O)CCCCCCCC)NCCCN(CC)CC,3.840789933
CCCCCCCCCCCCCCNC(=O)C(CCCCCOC(=O)CCCCCCCC)NCCCN(CC)CC,5.730542665
CCCCCCCCCCCCCCCCNC(=O)C(CCCCCOC(=O)CCCCCCCC)NCCCN(CC)CC,2.912561127
CCCCCCCC\C=C/CCCCCCCCNC(=O)C(CCCCCOC(=O)CCCCCCCC)NCCCN(CCCC)CCCC,11.73634439
CCCCCCCCCCCCCCCCCCNC(=O)C(CCCCCOC(=O)CCCCCCCC)NCCCN(CCCC)CCCC,5.324410443
CCCCCCCCCCCCNC(=O)C(CCCCCOC(=O)CCCCCCCC)NCCCN(CCCC)CCCC,4.133681481
CCCCCCCCCCCCCCNC(=O)C(CCCCCOC(=O)CCCCCCCC)NCCCN(CCCC)CCCC,9.724330328
CCCCCCCCCCCCCCCCNC(=O)C(CCCCCOC(=O)CCCCCCCC)NCCCN(CCCC)CCCC,7.402606333
CCCCCCCC\C=C/CCCCCCCCNC(=O)C(CCCCCOC(=O)CCCCCCCC)NCCCN1CCCC1,8.127334568
CCCCCCCCCCCCCCCCCCNC(=O)C(CCCCCOC(=O)CCCCCCCC)NCCCN1CCCC1,8.032573831
CCCCCCCCCCCCNC(=O)C(CCCCCOC(=O)CCCCCCCC)NCCCN1CCCC1,4.818716327
CCCCCCCCCCCCCCNC(=O)C(CCCCCOC(=O)CCCCCCCC)NCCCN1CCCC1,6.530791801
CCCCCCCCCCCCCCCCNC(=O)C(CCCCCOC(=O)CCCCCCCC)NCCCN1CCCC1,3.648603215
CCCCCCCC\C=C/CCCCCCCCNC(=O)C(CCCCCOC(=O)CCCCCCCC)NCCN(CC)CC,5.041429624
CCCCCCCCCCCCCCCCCCNC(=O)C(CCCCCOC(=O)CCCCCCCC)NCCN(CC)CC,7.833631181
CCCCCCCCCCCCNC(=O)C(CCCCCOC(=O)CCCCCCCC)NCCN(CC)CC,3.906523451
CCCCCCCCCCCCCCNC(=O)C(CCCCCOC(=O)CCCCCCCC)NCCN(CC)CC,5.654510672
CCCCCCCCCCCCCCCCNC(=O)C(CCCCCOC(=O)CCCCCCCC)NCCN(CC)CC,1.614465685
CCCCCCCC\C=C/CCCCCCCCNC(=O)C(CCCCCOC(=O)CCCCCCCC)NC1CCN(C)CC1,8.029977347
CCCCCCCCCCCCCCCCCCNC(=O)C(CCCCCOC(=O)CCCCCCCC)NC1CCN(C)CC1,5.583844914
CCCCCCCCCCCCNC(=O)C(CCCCCOC(=O)CCCCCCCC)NC1CCN(C)CC1,7.163556759
CCCCCCCCCCCCCCNC(=O)C(CCCCCOC(=O)CCCCCCCC)NC1CCN(C)CC1,5.589508767
CCCCCCCCCCCCCCCCNC(=O)C(CCCCCOC(=O)CCCCCCCC)NC1CCN(C)CC1,5.679638703
CCCCCCCC\C=C/CCCCCCCCNC(=O)C(CCCCCOC(=O)CCCCCCCC)NC1=CNN=C1,7.977995369
CCCCCCCCCCCCCCCCCCNC(=O)C(CCCCCOC(=O)CCCCCCCC)NC1=CNN=C1,7.104890701
CCCCCCCCCCCCNC(=O)C(CCCCCOC(=O)CCCCCCCC)NC1=CNN=C1,8.204183668
CCCCCCCCCCCCCCNC(=O)C(CCCCCOC(=O)CCCCCCCC)NC1=CNN=C1,7.50499786
CCCCCCCCCCCCCCCCNC(=O)C(CCCCCOC(=O)CCCCCCCC)NC1=CNN=C1,7.143318753
CCCCCCCC\C=C/CCCCCCCCNC(=O)C(CCCCCOC(=O)CCCCCCCC)NC1=CC(C)=NN1C,6.735838048
CCCCCCCCCCCCCCCCCCNC(=O)C(CCCCCOC(=O)CCCCCCCC)NC1=CC(C)=NN1C,6.609644989
CCCCCCCCCCCCNC(=O)C(CCCCCOC(=O)CCCCCCCC)NC1=CC(C)=NN1C,7.445098615
CCCCCCCCCCCCCCNC(=O)C(CCCCCOC(=O)CCCCCCCC)NC1=CC(C)=NN1C,7.48511842
CCCCCCCCCCCCCCCCNC(=O)C(CCCCCOC(=O)CCCCCCCC)NC1=CC(C)=NN1C,6.496800275
CCCCCCCC\C=C/CCCCCCCCNC(=O)C(CCCCCOC(=O)CCCCCCCC)NN1CCCCC1,8.275348554
CCCCCCCCCCCCCCCCCCNC(=O)C(CCCCCOC(=O)CCCCCCCC)NN1CCCCC1,7.38994297
CCCCCCCCCCCCNC(=O)C(CCCCCOC(=O)CCCCCCCC)NN1CCCCC1,6.793687099
CCCCCCCCCCCCCCNC(=O)C(CCCCCOC(=O)CCCCCCCC)NN1CCCCC1,8.117394651
CCCCCCCCCCCCCCCCNC(=O)C(CCCCCOC(=O)CCCCCCCC)NN1CCCCC1,7.515282137
CCCCCCCC\C=C/CCCCCCCCNC(=O)C(CCCCCOC(=O)CCCCCCCC)NCCN(CCN)CCN,9.263360589
CCCCCCCCCCCCCCCCCCNC(=O)C(CCCCCOC(=O)CCCCCCCC)NCCN(CCN)CCN,6.931529648
CCCCCCCCCCCCNC(=O)C(CCCCCOC(=O)CCCCCCCC)NCCN(CCN)CCN,6.405563726
CCCCCCCCCCCCCCNC(=O)C(CCCCCOC(=O)CCCCCCCC)NCCN(CCN)CCN,5.588870556
CCCCCCCCCCCCCCCCNC(=O)C(CCCCCOC(=O)CCCCCCCC)NCCN(CCN)CCN,4.470322526
CCCCCCCC\C=C/CCCCCCCCNC(=O)C(CCCCCOC(=O)CCCCCCCC)NCCN1CCCC1,10.47956977
CCCCCCCCCCCCCCCCCCNC(=O)C(CCCCCOC(=O)CCCCCCCC)NCCN1CCCC1,8.875426611
CCCCCCCCCCCCNC(=O)C(CCCCCOC(=O)CCCCCCCC)NCCN1CCCC1,8.234867958
CCCCCCCCCCCCCCNC(=O)C(CCCCCOC(=O)CCCCCCCC)NCCN1CCCC1,7.756110656
CCCCCCCCCCCCCCCCNC(=O)C(CCCCCOC(=O)CCCCCCCC)NCCN1CCCC1,8.784894373
CCCCCCCC\C=C/CCCCCCCCNC(=O)C(CCCCCOC(=O)CCCCCCCC)NCCN1CCCCC1,8.746794212
CCCCCCCCCCCCCCCCCCNC(=O)C(CCCCCOC(=O)CCCCCCCC)NCCN1CCCCC1,7.674632279
CCCCCCCCCCCCNC(=O)C(CCCCCOC(=O)CCCCCCCC)NCCN1CCCCC1,7.645692355
CCCCCCCCCCCCCCNC(=O)C(CCCCCOC(=O)CCCCCCCC)NCCN1CCCCC1,8.589658079
CCCCCCCCCCCCCCCCNC(=O)C(CCCCCOC(=O)CCCCCCCC)NCCN1CCCCC1,7.522171722
CCCCCCCC\C=C/CCCCCCCCNC(=O)C(CCCCCOC(=O)CCCCCCCC)NCCN(C(C)C)C(C)C,7.882133533
CCCCCCCCCCCCCCCCCCNC(=O)C(CCCCCOC(=O)CCCCCCCC)NCCN(C(C)C)C(C)C,5.811352056
CCCCCCCCCCCCNC(=O)C(CCCCCOC(=O)CCCCCCCC)NCCN(C(C)C)C(C)C,7.330733127
CCCCCCCCCCCCCCNC(=O)C(CCCCCOC(=O)CCCCCCCC)NCCN(C(C)C)C(C)C,7.881851515
CCCCCCCCCCCCCCCCNC(=O)C(CCCCCOC(=O)CCCCCCCC)NCCN(C(C)C)C(C)C,5.437198062
CCCCCCCC\C=C/CCCCCCCCNC(=O)C(CCCCCOC(=O)\C=C\CCCCCCC)NCCCN(C)CCCN,0.849308129
CCCCCCCCCCCCCCCCCCNC(=O)C(CCCCCOC(=O)\C=C\CCCCCCC)NCCCN(C)CCCN,0.841559656
CCCCCCCCCCCCNC(=O)C(CCCCCOC(=O)\C=C\CCCCCCC)NCCCN(C)CCCN,0.437615466
CCCCCCCCCCCCCCNC(=O)C(CCCCCOC(=O)\C=C\CCCCCCC)NCCCN(C)CCCN,1.321505693
CCCCCCCCCCCCCCCCNC(=O)C(CCCCCOC(=O)\C=C\CCCCCCC)NCCCN(C)CCCN,0.21552369
CCCCCCCC\C=C/CCCCCCCCNC(=O)C(CCCCCOC(=O)\C=C\CCCCCCC)NCC1CCCN1CC,1.805194465
CCCCCCCCCCCCCCCCCCNC(=O)C(CCCCCOC(=O)\C=C\CCCCCCC)NCC1CCCN1CC,1.55733393
CCCCCCCCCCCCNC(=O)C(CCCCCOC(=O)\C=C\CCCCCCC)NCC1CCCN1CC,0.595517308
CCCCCCCCCCCCCCNC(=O)C(CCCCCOC(=O)\C=C\CCCCCCC)NCC1CCCN1CC,1.388597429
CCCCCCCCCCCCCCCCNC(=O)C(CCCCCOC(=O)\C=C\CCCCCCC)NCC1CCCN1CC,1.85556154
CCCCCCCC\C=C/CCCCCCCCNC(=O)C(CCCCCOC(=O)\C=C\CCCCCCC)NCCN1CCNCC1,0.699245583
CCCCCCCCCCCCCCCCCCNC(=O)C(CCCCCOC(=O)\C=C\CCCCCCC)NCCN1CCNCC1,0.155504111
CCCCCCCCCCCCNC(=O)C(CCCCCOC(=O)\C=C\CCCCCCC)NCCN1CCNCC1,1.393585949
CCCCCCCCCCCCCCNC(=O)C(CCCCCOC(=O)\C=C\CCCCCCC)NCCN1CCNCC1,1.238749719
CCCCCCCCCCCCCCCCNC(=O)C(CCCCCOC(=O)\C=C\CCCCCCC)NCCN1CCNCC1,0.440184144
CCCCCCCC\C=C/CCCCCCCCNC(=O)C(CCCCCOC(=O)\C=C\CCCCCCC)NC1CCNCC1,3.250282026
CCCCCCCCCCCCCCCCCCNC(=O)C(CCCCCOC(=O)\C=C\CCCCCCC)NC1CCNCC1,-0.016389167
CCCCCCCCCCCCNC(=O)C(CCCCCOC(=O)\C=C\CCCCCCC)NC1CCNCC1,0.951349302
CCCCCCCCCCCCCCNC(=O)C(CCCCCOC(=O)\C=C\CCCCCCC)NC1CCNCC1,0.24022891
CCCCCCCCCCCCCCCCNC(=O)C(CCCCCOC(=O)\C=C\CCCCCCC)NC1CCNCC1,3.347588331
CCCCCCCC\C=C/CCCCCCCCNC(=O)C(CCCCCOC(=O)\C=C\CCCCCCC)NCCN(C)C,7.41897078
CCCCCCCCCCCCCCCCCCNC(=O)C(CCCCCOC(=O)\C=C\CCCCCCC)NCCN(C)C,6.03459925
CCCCCCCCCCCCNC(=O)C(CCCCCOC(=O)\C=C\CCCCCCC)NCCN(C)C,0.997244135
CCCCCCCCCCCCCCNC(=O)C(CCCCCOC(=O)\C=C\CCCCCCC)NCCN(C)C,4.272314979
CCCCCCCCCCCCCCCCNC(=O)C(CCCCCOC(=O)\C=C\CCCCCCC)NCCN(C)C,0.760325004
CCCCCCCC\C=C/CCCCCCCCNC(=O)C(CCCCCOC(=O)\C=C\CCCCCCC)NCCCN(C)C,8.360831062
CCCCCCCCCCCCCCCCCCNC(=O)C(CCCCCOC(=O)\C=C\CCCCCCC)NCCCN(C)C,5.446606875
CCCCCCCCCCCCNC(=O)C(CCCCCOC(=O)\C=C\CCCCCCC)NCCCN(C)C,5.048892393
CCCCCCCCCCCCCCNC(=O)C(CCCCCOC(=O)\C=C\CCCCCCC)NCCCN(C)C,6.792252326
CCCCCCCCCCCCCCCCNC(=O)C(CCCCCOC(=O)\C=C\CCCCCCC)NCCCN(C)C,4.253758652
CCCCCCCC\C=C/CCCCCCCCNC(=O)C(CCCCCOC(=O)\C=C\CCCCCCC)NCCCN(CC)CC,6.840961833
CCCCCCCCCCCCCCCCCCNC(=O)C(CCCCCOC(=O)\C=C\CCCCCCC)NCCCN(CC)CC,5.812808802
CCCCCCCCCCCCNC(=O)C(CCCCCOC(=O)\C=C\CCCCCCC)NCCCN(CC)CC,4.733726911
CCCCCCCCCCCCCCNC(=O)C(CCCCCOC(=O)\C=C\CCCCCCC)NCCCN(CC)CC,4.700292918
CCCCCCCCCCCCCCCCNC(=O)C(CCCCCOC(=O)\C=C\CCCCCCC)NCCCN(CC)CC,0.89566207
CCCCCCCC\C=C/CCCCCCCCNC(=O)C(CCCCCOC(=O)\C=C\CCCCCCC)NCCCN(CCCC)CCCC,10.2359389
CCCCCCCCCCCCCCCCCCNC(=O)C(CCCCCOC(=O)\C=C\CCCCCCC)NCCCN(CCCC)CCCC,6.313550042
CCCCCCCCCCCCNC(=O)C(CCCCCOC(=O)\C=C\CCCCCCC)NCCCN(CCCC)CCCC,2.519246096
CCCCCCCCCCCCCCNC(=O)C(CCCCCOC(=O)\C=C\CCCCCCC)NCCCN(CCCC)CCCC,6.021042383
CCCCCCCCCCCCCCCCNC(=O)C(CCCCCOC(=O)\C=C\CCCCCCC)NCCCN(CCCC)CCCC,3.371588285
CCCCCCCC\C=C/CCCCCCCCNC(=O)C(CCCCCOC(=O)\C=C\CCCCCCC)NCCCN1CCCC1,7.445550341
CCCCCCCCCCCCCCCCCCNC(=O)C(CCCCCOC(=O)\C=C\CCCCCCC)NCCCN1CCCC1,6.876420437
CCCCCCCCCCCCNC(=O)C(CCCCCOC(=O)\C=C\CCCCCCC)NCCCN1CCCC1,2.34161643
CCCCCCCCCCCCCCNC(=O)C(CCCCCOC(=O)\C=C\CCCCCCC)NCCCN1CCCC1,3.843328451
CCCCCCCCCCCCCCCCNC(=O)C(CCCCCOC(=O)\C=C\CCCCCCC)NCCCN1CCCC1,0.924876855
CCCCCCCC\C=C/CCCCCCCCNC(=O)C(CCCCCOC(=O)\C=C\CCCCCCC)NCCN(CC)CC,5.529383336
CCCCCCCCCCCCCCCCCCNC(=O)C(CCCCCOC(=O)\C=C\CCCCCCC)NCCN(CC)CC,6.072279846
CCCCCCCCCCCCNC(=O)C(CCCCCOC(=O)\C=C\CCCCCCC)NCCN(CC)CC,4.869328943
CCCCCCCCCCCCCCNC(=O)C(CCCCCOC(=O)\C=C\CCCCCCC)NCCN(CC)CC,5.144953946
CCCCCCCCCCCCCCCCNC(=O)C(CCCCCOC(=O)\C=C\CCCCCCC)NCCN(CC)CC,1.807079648
CCCCCCCC\C=C/CCCCCCCCNC(=O)C(CCCCCOC(=O)\C=C\CCCCCCC)NC1CCN(C)CC1,7.495855027
CCCCCCCCCCCCCCCCCCNC(=O)C(CCCCCOC(=O)\C=C\CCCCCCC)NC1CCN(C)CC1,4.836360525
CCCCCCCCCCCCNC(=O)C(CCCCCOC(=O)\C=C\CCCCCCC)NC1CCN(C)CC1,7.367580607
CCCCCCCCCCCCCCNC(=O)C(CCCCCOC(=O)\C=C\CCCCCCC)NC1CCN(C)CC1,5.380828333
CCCCCCCCCCCCCCCCNC(=O)C(CCCCCOC(=O)\C=C\CCCCCCC)NC1CCN(C)CC1,4.67246775
CCCCCCCC\C=C/CCCCCCCCNC(=O)C(CCCCCOC(=O)\C=C\CCCCCCC)NC1=CNN=C1,6.30833903
CCCCCCCCCCCCCCCCCCNC(=O)C(CCCCCOC(=O)\C=C\CCCCCCC)NC1=CNN=C1,6.101084162
CCCCCCCCCCCCNC(=O)C(CCCCCOC(=O)\C=C\CCCCCCC)NC1=CNN=C1,7.661069533
CCCCCCCCCCCCCCNC(=O)C(CCCCCOC(=O)\C=C\CCCCCCC)NC1=CNN=C1,7.249375337
CCCCCCCCCCCCCCCCNC(=O)C(CCCCCOC(=O)\C=C\CCCCCCC)NC1=CNN=C1,5.985639494
CCCCCCCC\C=C/CCCCCCCCNC(=O)C(CCCCCOC(=O)\C=C\CCCCCCC)NC1=CC(C)=NN1C,8.918490592
CCCCCCCCCCCCCCCCCCNC(=O)C(CCCCCOC(=O)\C=C\CCCCCCC)NC1=CC(C)=NN1C,6.181522533
CCCCCCCCCCCCNC(=O)C(CCCCCOC(=O)\C=C\CCCCCCC)NC1=CC(C)=NN1C,7.273103166
CCCCCCCCCCCCCCNC(=O)C(CCCCCOC(=O)\C=C\CCCCCCC)NC1=CC(C)=NN1C,6.953052294
CCCCCCCCCCCCCCCCNC(=O)C(CCCCCOC(=O)\C=C\CCCCCCC)NC1=CC(C)=NN1C,6.260970715
CCCCCCCC\C=C/CCCCCCCCNC(=O)C(CCCCCOC(=O)\C=C\CCCCCCC)NN1CCCCC1,6.472352377
CCCCCCCCCCCCCCCCCCNC(=O)C(CCCCCOC(=O)\C=C\CCCCCCC)NN1CCCCC1,5.590666813
CCCCCCCCCCCCNC(=O)C(CCCCCOC(=O)\C=C\CCCCCCC)NN1CCCCC1,7.577642836
CCCCCCCCCCCCCCNC(=O)C(CCCCCOC(=O)\C=C\CCCCCCC)NN1CCCCC1,5.330986445
CCCCCCCCCCCCCCCCNC(=O)C(CCCCCOC(=O)\C=C\CCCCCCC)NN1CCCCC1,5.64996478
CCCCCCCC\C=C/CCCCCCCCNC(=O)C(CCCCCOC(=O)\C=C\CCCCCCC)NCCN(CCN)CCN,8.565831373
CCCCCCCCCCCCCCCCCCNC(=O)C(CCCCCOC(=O)\C=C\CCCCCCC)NCCN(CCN)CCN,5.707586354
CCCCCCCCCCCCNC(=O)C(CCCCCOC(=O)\C=C\CCCCCCC)NCCN(CCN)CCN,5.990504576
CCCCCCCCCCCCCCNC(=O)C(CCCCCOC(=O)\C=C\CCCCCCC)NCCN(CCN)CCN,4.843267957
CCCCCCCCCCCCCCCCNC(=O)C(CCCCCOC(=O)\C=C\CCCCCCC)NCCN(CCN)CCN,3.070572095
CCCCCCCC\C=C/CCCCCCCCNC(=O)C(CCCCCOC(=O)\C=C\CCCCCCC)NCCN1CCCC1,7.711666974
CCCCCCCCCCCCCCCCCCNC(=O)C(CCCCCOC(=O)\C=C\CCCCCCC)NCCN1CCCC1,6.396545847
CCCCCCCCCCCCNC(=O)C(CCCCCOC(=O)\C=C\CCCCCCC)NCCN1CCCC1,8.3097755
CCCCCCCCCCCCCCNC(=O)C(CCCCCOC(=O)\C=C\CCCCCCC)NCCN1CCCC1,5.984286908
CCCCCCCCCCCCCCCCNC(=O)C(CCCCCOC(=O)\C=C\CCCCCCC)NCCN1CCCC1,6.245816758
CCCCCCCC\C=C/CCCCCCCCNC(=O)C(CCCCCOC(=O)\C=C\CCCCCCC)NCCN1CCCCC1,7.289250434
CCCCCCCCCCCCCCCCCCNC(=O)C(CCCCCOC(=O)\C=C\CCCCCCC)NCCN1CCCCC1,6.520974346
CCCCCCCCCCCCNC(=O)C(CCCCCOC(=O)\C=C\CCCCCCC)NCCN1CCCCC1,7.225080586
CCCCCCCCCCCCCCNC(=O)C(CCCCCOC(=O)\C=C\CCCCCCC)NCCN1CCCCC1,8.601155673
CCCCCCCCCCCCCCCCNC(=O)C(CCCCCOC(=O)\C=C\CCCCCCC)NCCN1CCCCC1,6.500969046
CCCCCCCC\C=C/CCCCCCCCNC(=O)C(CCCCCOC(=O)\C=C\CCCCCCC)NCCN(C(C)C)C(C)C,5.909893084
CCCCCCCCCCCCCCCCCCNC(=O)C(CCCCCOC(=O)\C=C\CCCCCCC)NCCN(C(C)C)C(C)C,4.876314684
CCCCCCCCCCCCNC(=O)C(CCCCCOC(=O)\C=C\CCCCCCC)NCCN(C(C)C)C(C)C,6.975390296
CCCCCCCCCCCCCCNC(=O)C(CCCCCOC(=O)\C=C\CCCCCCC)NCCN(C(C)C)C(C)C,7.890402157
CCCCCCCCCCCCCCCCNC(=O)C(CCCCCOC(=O)\C=C\CCCCCCC)NCCN(C(C)C)C(C)C,5.081579233
CCCCCCCC\C=C/CCCCCCCCNC(=O)C(CCCCCOC(=O)\C=C\CCCCCCC)NCCCN(C)CCCN,1.536841815
CCCCCCCCCCCCCCCCCCNC(=O)C(CCCCCOC(=O)\C=C\CCCCCCC)NCCCN(C)CCCN,-0.681273244
CCCCCCCCCCCCNC(=O)C(CCCCCOC(=O)\C=C\CCCCCCC)NCCCN(C)CCCN,0.425953486
CCCCCCCCCCCCCCNC(=O)C(CCCCCOC(=O)\C=C\CCCCCCC)NCCCN(C)CCCN,0.905212523
CCCCCCCCCCCCCCCCNC(=O)C(CCCCCOC(=O)\C=C\CCCCCCC)NCCCN(C)CCCN,1.616591146
CCCCCCCC\C=C/CCCCCCCCNC(=O)C(CCCCCOC(=O)\C=C\CCCCCCC)NCC1CCCN1CC,1.671171348
CCCCCCCCCCCCCCCCCCNC(=O)C(CCCCCOC(=O)\C=C\CCCCCCC)NCC1CCCN1CC,1.337707443
CCCCCCCCCCCCNC(=O)C(CCCCCOC(=O)\C=C\CCCCCCC)NCC1CCCN1CC,0.70745091
CCCCCCCCCCCCCCNC(=O)C(CCCCCOC(=O)\C=C\CCCCCCC)NCC1CCCN1CC,-0.51536883
CCCCCCCCCCCCCCCCNC(=O)C(CCCCCOC(=O)\C=C\CCCCCCC)NCC1CCCN1CC,1.733178627
CCCCCCCC\C=C/CCCCCCCCNC(=O)C(CCCCCOC(=O)\C=C\CCCCCCC)NCCN1CCNCC1,0.949801548
CCCCCCCCCCCCCCCCCCNC(=O)C(CCCCCOC(=O)\C=C\CCCCCCC)NCCN1CCNCC1,0.84361722
CCCCCCCCCCCCNC(=O)C(CCCCCOC(=O)\C=C\CCCCCCC)NCCN1CCNCC1,0.453967636
CCCCCCCCCCCCCCNC(=O)C(CCCCCOC(=O)\C=C\CCCCCCC)NCCN1CCNCC1,1.722619278
CCCCCCCCCCCCCCCCNC(=O)C(CCCCCOC(=O)\C=C\CCCCCCC)NCCN1CCNCC1,0.186366536
CCCCCCCC\C=C/CCCCCCCCNC(=O)C(CCCCCOC(=O)\C=C\CCCCCCC)NC1CCNCC1,1.999103804
CCCCCCCCCCCCCCCCCCNC(=O)C(CCCCCOC(=O)\C=C\CCCCCCC)NC1CCNCC1,0.618795417
CCCCCCCCCCCCNC(=O)C(CCCCCOC(=O)\C=C\CCCCCCC)NC1CCNCC1,1.403511538
CCCCCCCCCCCCCCNC(=O)C(CCCCCOC(=O)\C=C\CCCCCCC)NC1CCNCC1,1.378835017
CCCCCCCCCCCCCCCCNC(=O)C(CCCCCOC(=O)\C=C\CCCCCCC)NC1CCNCC1,0.715591943
CCCCCCCC\C=C/CCCCCCCCNC(=O)C(CCCCCOC(=O)\C=C\CCCCCCC)NCCN(C)C,7.780407475
CCCCCCCCCCCCCCCCCCNC(=O)C(CCCCCOC(=O)\C=C\CCCCCCC)NCCN(C)C,5.480848234
CCCCCCCCCCCCNC(=O)C(CCCCCOC(=O)\C=C\CCCCCCC)NCCN(C)C,2.623001862
CCCCCCCCCCCCCCNC(=O)C(CCCCCOC(=O)\C=C\CCCCCCC)NCCN(C)C,4.130049205
CCCCCCCCCCCCCCCCNC(=O)C(CCCCCOC(=O)\C=C\CCCCCCC)NCCN(C)C,2.907378033
CCCCCCCC\C=C/CCCCCCCCNC(=O)C(CCCCCOC(=O)\C=C\CCCCCCC)NCCCN(C)C,9.97974855
CCCCCCCCCCCCCCCCCCNC(=O)C(CCCCCOC(=O)\C=C\CCCCCCC)NCCCN(C)C,6.10380965
CCCCCCCCCCCCNC(=O)C(CCCCCOC(=O)\C=C\CCCCCCC)NCCCN(C)C,6.035858923
CCCCCCCCCCCCCCNC(=O)C(CCCCCOC(=O)\C=C\CCCCCCC)NCCCN(C)C,7.201085909
CCCCCCCCCCCCCCCCNC(=O)C(CCCCCOC(=O)\C=C\CCCCCCC)NCCCN(C)C,6.199970655
CCCCCCCC\C=C/CCCCCCCCNC(=O)C(CCCCCOC(=O)\C=C\CCCCCCC)NCCCN(CC)CC,7.822855194
CCCCCCCCCCCCCCCCCCNC(=O)C(CCCCCOC(=O)\C=C\CCCCCCC)NCCCN(CC)CC,7.028478111
CCCCCCCCCCCCNC(=O)C(CCCCCOC(=O)\C=C\CCCCCCC)NCCCN(CC)CC,3.113781923
CCCCCCCCCCCCCCNC(=O)C(CCCCCOC(=O)\C=C\CCCCCCC)NCCCN(CC)CC,5.297307764
CCCCCCCCCCCCCCCCNC(=O)C(CCCCCOC(=O)\C=C\CCCCCCC)NCCCN(CC)CC,2.793663933
CCCCCCCC\C=C/CCCCCCCCNC(=O)C(CCCCCOC(=O)\C=C\CCCCCCC)NCCCN(CCCC)CCCC,12.911927
CCCCCCCCCCCCCCCCCCNC(=O)C(CCCCCOC(=O)\C=C\CCCCCCC)NCCCN(CCCC)CCCC,5.379663731
CCCCCCCCCCCCNC(=O)C(CCCCCOC(=O)\C=C\CCCCCCC)NCCCN(CCCC)CCCC,6.921273148
CCCCCCCCCCCCCCNC(=O)C(CCCCCOC(=O)\C=C\CCCCCCC)NCCCN(CCCC)CCCC,9.63340693
CCCCCCCCCCCCCCCCNC(=O)C(CCCCCOC(=O)\C=C\CCCCCCC)NCCCN(CCCC)CCCC,7.750537139
CCCCCCCC\C=C/CCCCCCCCNC(=O)C(CCCCCOC(=O)\C=C\CCCCCCC)NCCCN1CCCC1,8.4064438
CCCCCCCCCCCCCCCCCCNC(=O)C(CCCCCOC(=O)\C=C\CCCCCCC)NCCCN1CCCC1,5.629148094
CCCCCCCCCCCCNC(=O)C(CCCCCOC(=O)\C=C\CCCCCCC)NCCCN1CCCC1,3.825723494
CCCCCCCCCCCCCCNC(=O)C(CCCCCOC(=O)\C=C\CCCCCCC)NCCCN1CCCC1,5.632035854
CCCCCCCCCCCCCCCCNC(=O)C(CCCCCOC(=O)\C=C\CCCCCCC)NCCCN1CCCC1,3.354518893
CCCCCCCC\C=C/CCCCCCCCNC(=O)C(CCCCCOC(=O)\C=C\CCCCCCC)NCCN(CC)CC,6.826615239
CCCCCCCCCCCCCCCCCCNC(=O)C(CCCCCOC(=O)\C=C\CCCCCCC)NCCN(CC)CC,3.456971038
CCCCCCCCCCCCNC(=O)C(CCCCCOC(=O)\C=C\CCCCCCC)NCCN(CC)CC,2.956680962
CCCCCCCCCCCCCCNC(=O)C(CCCCCOC(=O)\C=C\CCCCCCC)NCCN(CC)CC,5.796251473
CCCCCCCCCCCCCCCCNC(=O)C(CCCCCOC(=O)\C=C\CCCCCCC)NCCN(CC)CC,2.038122984
CCCCCCCC\C=C/CCCCCCCCNC(=O)C(CCCCCOC(=O)\C=C\CCCCCCC)NC1CCN(C)CC1,7.552028611
CCCCCCCCCCCCCCCCCCNC(=O)C(CCCCCOC(=O)\C=C\CCCCCCC)NC1CCN(C)CC1,6.944377417
CCCCCCCCCCCCNC(=O)C(CCCCCOC(=O)\C=C\CCCCCCC)NC1CCN(C)CC1,7.80903508
CCCCCCCCCCCCCCNC(=O)C(CCCCCOC(=O)\C=C\CCCCCCC)NC1CCN(C)CC1,6.394677782
CCCCCCCCCCCCCCCCNC(=O)C(CCCCCOC(=O)\C=C\CCCCCCC)NC1CCN(C)CC1,6.863234931
CCCCCCCC\C=C/CCCCCCCCNC(=O)C(CCCCCOC(=O)\C=C\CCCCCCC)NC1=CNN=C1,7.160291641
CCCCCCCCCCCCCCCCCCNC(=O)C(CCCCCOC(=O)\C=C\CCCCCCC)NC1=CNN=C1,6.222008979
CCCCCCCCCCCCNC(=O)C(CCCCCOC(=O)\C=C\CCCCCCC)NC1=CNN=C1,7.645900096
CCCCCCCCCCCCCCNC(=O)C(CCCCCOC(=O)\C=C\CCCCCCC)NC1=CNN=C1,6.667698136
CCCCCCCCCCCCCCCCNC(=O)C(CCCCCOC(=O)\C=C\CCCCCCC)NC1=CNN=C1,6.184788923
CCCCCCCC\C=C/CCCCCCCCNC(=O)C(CCCCCOC(=O)\C=C\CCCCCCC)NC1=CC(C)=NN1C,7.482807957
CCCCCCCCCCCCCCCCCCNC(=O)C(CCCCCOC(=O)\C=C\CCCCCCC)NC1=CC(C)=NN1C,6.57892897
CCCCCCCCCCCCNC(=O)C(CCCCCOC(=O)\C=C\CCCCCCC)NC1=CC(C)=NN1C,4.991844979
CCCCCCCCCCCCCCNC(=O)C(CCCCCOC(=O)\C=C\CCCCCCC)NC1=CC(C)=NN1C,7.20742641
CCCCCCCCCCCCCCCCNC(=O)C(CCCCCOC(=O)\C=C\CCCCCCC)NC1=CC(C)=NN1C,6.325737728
CCCCCCCC\C=C/CCCCCCCCNC(=O)C(CCCCCOC(=O)\C=C\CCCCCCC)NN1CCCCC1,7.78844646
CCCCCCCCCCCCCCCCCCNC(=O)C(CCCCCOC(=O)\C=C\CCCCCCC)NN1CCCCC1,6.446527001
CCCCCCCCCCCCNC(=O)C(CCCCCOC(=O)\C=C\CCCCCCC)NN1CCCCC1,7.8815543
CCCCCCCCCCCCCCNC(=O)C(CCCCCOC(=O)\C=C\CCCCCCC)NN1CCCCC1,6.998670821
CCCCCCCCCCCCCCCCNC(=O)C(CCCCCOC(=O)\C=C\CCCCCCC)NN1CCCCC1,6.513467761
CCCCCCCC\C=C/CCCCCCCCNC(=O)C(CCCCCOC(=O)\C=C\CCCCCCC)NCCN(CCN)CCN,8.958872283
CCCCCCCCCCCCCCCCCCNC(=O)C(CCCCCOC(=O)\C=C\CCCCCCC)NCCN(CCN)CCN,5.773180892
CCCCCCCCCCCCNC(=O)C(CCCCCOC(=O)\C=C\CCCCCCC)NCCN(CCN)CCN,4.901557831
CCCCCCCCCCCCCCNC(=O)C(CCCCCOC(=O)\C=C\CCCCCCC)NCCN(CCN)CCN,5.93905781
CCCCCCCCCCCCCCCCNC(=O)C(CCCCCOC(=O)\C=C\CCCCCCC)NCCN(CCN)CCN,5.099278707
CCCCCCCC\C=C/CCCCCCCCNC(=O)C(CCCCCOC(=O)\C=C\CCCCCCC)NCCN1CCCC1,9.510022359
CCCCCCCCCCCCCCCCCCNC(=O)C(CCCCCOC(=O)\C=C\CCCCCCC)NCCN1CCCC1,6.956651379
CCCCCCCCCCCCNC(=O)C(CCCCCOC(=O)\C=C\CCCCCCC)NCCN1CCCC1,8.116594304
CCCCCCCCCCCCCCNC(=O)C(CCCCCOC(=O)\C=C\CCCCCCC)NCCN1CCCC1,8.252031656
CCCCCCCCCCCCCCCCNC(=O)C(CCCCCOC(=O)\C=C\CCCCCCC)NCCN1CCCC1,6.826053619
CCCCCCCC\C=C/CCCCCCCCNC(=O)C(CCCCCOC(=O)\C=C\CCCCCCC)NCCN1CCCCC1,8.62388149
CCCCCCCCCCCCCCCCCCNC(=O)C(CCCCCOC(=O)\C=C\CCCCCCC)NCCN1CCCCC1,7.748319939
CCCCCCCCCCCCNC(=O)C(CCCCCOC(=O)\C=C\CCCCCCC)NCCN1CCCCC1,8.745211289
CCCCCCCCCCCCCCNC(=O)C(CCCCCOC(=O)\C=C\CCCCCCC)NCCN1CCCCC1,8.016389411
CCCCCCCCCCCCCCCCNC(=O)C(CCCCCOC(=O)\C=C\CCCCCCC)NCCN1CCCCC1,7.762649119
CCCCCCCC\C=C/CCCCCCCCNC(=O)C(CCCCCOC(=O)\C=C\CCCCCCC)NCCN(C(C)C)C(C)C,8.2772874
CCCCCCCCCCCCCCCCCCNC(=O)C(CCCCCOC(=O)\C=C\CCCCCCC)NCCN(C(C)C)C(C)C,5.762486989
CCCCCCCCCCCCNC(=O)C(CCCCCOC(=O)\C=C\CCCCCCC)NCCN(C(C)C)C(C)C,8.358260098
CCCCCCCCCCCCCCNC(=O)C(CCCCCOC(=O)\C=C\CCCCCCC)NCCN(C(C)C)C(C)C,8.171377603
CCCCCCCCCCCCCCCCNC(=O)C(CCCCCOC(=O)\C=C\CCCCCCC)NCCN(C(C)C)C(C)C,6.089253739
CCCCCCCC\C=C/CCCCCCCCNC(=O)C(CCCCCOC(=O)CCCCCCCCC=C)NCCCN(C)CCCN,-0.010030927
CCCCCCCCCCCCCCCCCCNC(=O)C(CCCCCOC(=O)CCCCCCCCC=C)NCCCN(C)CCCN,-0.240337391
CCCCCCCCCCCCNC(=O)C(CCCCCOC(=O)CCCCCCCCC=C)NCCCN(C)CCCN,0.57673871
CCCCCCCCCCCCCCNC(=O)C(CCCCCOC(=O)CCCCCCCCC=C)NCCCN(C)CCCN,-0.29527615
CCCCCCCCCCCCCCCCNC(=O)C(CCCCCOC(=O)CCCCCCCCC=C)NCCCN(C)CCCN,0.57797607
CCCCCCCC\C=C/CCCCCCCCNC(=O)C(CCCCCOC(=O)CCCCCCCCC=C)NCC1CCCN1CC,2.60150383
CCCCCCCCCCCCCCCCCCNC(=O)C(CCCCCOC(=O)CCCCCCCCC=C)NCC1CCCN1CC,3.183221824
CCCCCCCCCCCCNC(=O)C(CCCCCOC(=O)CCCCCCCCC=C)NCC1CCCN1CC,-0.017382898
CCCCCCCCCCCCCCNC(=O)C(CCCCCOC(=O)CCCCCCCCC=C)NCC1CCCN1CC,0.876110826
CCCCCCCCCCCCCCCCNC(=O)C(CCCCCOC(=O)CCCCCCCCC=C)NCC1CCCN1CC,1.902702799
CCCCCCCC\C=C/CCCCCCCCNC(=O)C(CCCCCOC(=O)CCCCCCCCC=C)NCCN1CCNCC1,0.74946835
CCCCCCCCCCCCCCCCCCNC(=O)C(CCCCCOC(=O)CCCCCCCCC=C)NCCN1CCNCC1,1.765191052
CCCCCCCCCCCCNC(=O)C(CCCCCOC(=O)CCCCCCCCC=C)NCCN1CCNCC1,1.11424881
CCCCCCCCCCCCCCNC(=O)C(CCCCCOC(=O)CCCCCCCCC=C)NCCN1CCNCC1,1.401424958
CCCCCCCCCCCCCCCCNC(=O)C(CCCCCOC(=O)CCCCCCCCC=C)NCCN1CCNCC1,0.7750173
CCCCCCCC\C=C/CCCCCCCCNC(=O)C(CCCCCOC(=O)CCCCCCCCC=C)NC1CCNCC1,2.101600618
CCCCCCCCCCCCCCCCCCNC(=O)C(CCCCCOC(=O)CCCCCCCCC=C)NC1CCNCC1,0.61418264
CCCCCCCCCCCCNC(=O)C(CCCCCOC(=O)CCCCCCCCC=C)NC1CCNCC1,0.909815809
CCCCCCCCCCCCCCNC(=O)C(CCCCCOC(=O)CCCCCCCCC=C)NC1CCNCC1,0.004985556
CCCCCCCCCCCCCCCCNC(=O)C(CCCCCOC(=O)CCCCCCCCC=C)NC1CCNCC1,1.855221643
CCCCCCCC\C=C/CCCCCCCCNC(=O)C(CCCCCOC(=O)CCCCCCCCC=C)NCCN(C)C,7.568025938
CCCCCCCCCCCCCCCCCCNC(=O)C(CCCCCOC(=O)CCCCCCCCC=C)NCCN(C)C,5.622934706
CCCCCCCCCCCCNC(=O)C(CCCCCOC(=O)CCCCCCCCC=C)NCCN(C)C,-1.863498
CCCCCCCCCCCCCCNC(=O)C(CCCCCOC(=O)CCCCCCCCC=C)NCCN(C)C,5.155618889
CCCCCCCCCCCCCCCCNC(=O)C(CCCCCOC(=O)CCCCCCCCC=C)NCCN(C)C,0.435463497
CCCCCCCC\C=C/CCCCCCCCNC(=O)C(CCCCCOC(=O)CCCCCCCCC=C)NCCCN(C)C,8.30503336
CCCCCCCCCCCCCCCCCCNC(=O)C(CCCCCOC(=O)CCCCCCCCC=C)NCCCN(C)C,6.674831756
CCCCCCCCCCCCNC(=O)C(CCCCCOC(=O)CCCCCCCCC=C)NCCCN(C)C,4.09392654
CCCCCCCCCCCCCCNC(=O)C(CCCCCOC(=O)CCCCCCCCC=C)NCCCN(C)C,7.009458131
CCCCCCCCCCCCCCCCNC(=O)C(CCCCCOC(=O)CCCCCCCCC=C)NCCCN(C)C,4.809679362
CCCCCCCC\C=C/CCCCCCCCNC(=O)C(CCCCCOC(=O)CCCCCCCCC=C)NCCCN(CC)CC,7.689850942
CCCCCCCCCCCCCCCCCCNC(=O)C(CCCCCOC(=O)CCCCCCCCC=C)NCCCN(CC)CC,6.990966525
CCCCCCCCCCCCNC(=O)C(CCCCCOC(=O)CCCCCCCCC=C)NCCCN(CC)CC,2.972903077
CCCCCCCCCCCCCCNC(=O)C(CCCCCOC(=O)CCCCCCCCC=C)NCCCN(CC)CC,4.484841886
CCCCCCCCCCCCCCCCNC(=O)C(CCCCCOC(=O)CCCCCCCCC=C)NCCCN(CC)CC,1.79169332
CCCCCCCC\C=C/CCCCCCCCNC(=O)C(CCCCCOC(=O)CCCCCCCCC=C)NCCCN(CCCC)CCCC,7.606023721
CCCCCCCCCCCCCCCCCCNC(=O)C(CCCCCOC(=O)CCCCCCCCC=C)NCCCN(CCCC)CCCC,4.732233994
CCCCCCCCCCCCNC(=O)C(CCCCCOC(=O)CCCCCCCCC=C)NCCCN(CCCC)CCCC,4.234534083
CCCCCCCCCCCCCCNC(=O)C(CCCCCOC(=O)CCCCCCCCC=C)NCCCN(CCCC)CCCC,8.687212333
CCCCCCCCCCCCCCCCNC(=O)C(CCCCCOC(=O)CCCCCCCCC=C)NCCCN(CCCC)CCCC,6.567636898
CCCCCCCC\C=C/CCCCCCCCNC(=O)C(CCCCCOC(=O)CCCCCCCCC=C)NCCCN1CCCC1,7.084672884
CCCCCCCCCCCCCCCCCCNC(=O)C(CCCCCOC(=O)CCCCCCCCC=C)NCCCN1CCCC1,6.94994071
CCCCCCCCCCCCNC(=O)C(CCCCCOC(=O)CCCCCCCCC=C)NCCCN1CCCC1,2.964462126
CCCCCCCCCCCCCCNC(=O)C(CCCCCOC(=O)CCCCCCCCC=C)NCCCN1CCCC1,7.169541223
CCCCCCCCCCCCCCCCNC(=O)C(CCCCCOC(=O)CCCCCCCCC=C)NCCCN1CCCC1,1.504571479
CCCCCCCC\C=C/CCCCCCCCNC(=O)C(CCCCCOC(=O)CCCCCCCCC=C)NCCN(CC)CC,5.487761579
CCCCCCCCCCCCCCCCCCNC(=O)C(CCCCCOC(=O)CCCCCCCCC=C)NCCN(CC)CC,5.495888407
CCCCCCCCCCCCNC(=O)C(CCCCCOC(=O)CCCCCCCCC=C)NCCN(CC)CC,2.7650488
CCCCCCCCCCCCCCNC(=O)C(CCCCCOC(=O)CCCCCCCCC=C)NCCN(CC)CC,4.655104563
CCCCCCCCCCCCCCCCNC(=O)C(CCCCCOC(=O)CCCCCCCCC=C)NCCN(CC)CC,0.033845736
CCCCCCCC\C=C/CCCCCCCCNC(=O)C(CCCCCOC(=O)CCCCCCCCC=C)NC1CCN(C)CC1,6.569222709
CCCCCCCCCCCCCCCCCCNC(=O)C(CCCCCOC(=O)CCCCCCCCC=C)NC1CCN(C)CC1,5.966913563
CCCCCCCCCCCCNC(=O)C(CCCCCOC(=O)CCCCCCCCC=C)NC1CCN(C)CC1,6.982112182
CCCCCCCCCCCCCCNC(=O)C(CCCCCOC(=O)CCCCCCCCC=C)NC1CCN(C)CC1,6.011779596
CCCCCCCCCCCCCCCCNC(=O)C(CCCCCOC(=O)CCCCCCCCC=C)NC1CCN(C)CC1,5.920296826
CCCCCCCC\C=C/CCCCCCCCNC(=O)C(CCCCCOC(=O)CCCCCCCCC=C)NC1=CNN=C1,6.997649951
CCCCCCCCCCCCCCCCCCNC(=O)C(CCCCCOC(=O)CCCCCCCCC=C)NC1=CNN=C1,5.191557209
CCCCCCCCCCCCNC(=O)C(CCCCCOC(=O)CCCCCCCCC=C)NC1=CNN=C1,6.789602777
CCCCCCCCCCCCCCNC(=O)C(CCCCCOC(=O)CCCCCCCCC=C)NC1=CNN=C1,5.515241491
CCCCCCCCCCCCCCCCNC(=O)C(CCCCCOC(=O)CCCCCCCCC=C)NC1=CNN=C1,5.388954029
CCCCCCCC\C=C/CCCCCCCCNC(=O)C(CCCCCOC(=O)CCCCCCCCC=C)NC1=CC(C)=NN1C,10.38635651
CCCCCCCCCCCCCCCCCCNC(=O)C(CCCCCOC(=O)CCCCCCCCC=C)NC1=CC(C)=NN1C,4.598436493
CCCCCCCCCCCCNC(=O)C(CCCCCOC(=O)CCCCCCCCC=C)NC1=CC(C)=NN1C,6.756639447
CCCCCCCCCCCCCCNC(=O)C(CCCCCOC(=O)CCCCCCCCC=C)NC1=CC(C)=NN1C,6.272463088
CCCCCCCCCCCCCCCCNC(=O)C(CCCCCOC(=O)CCCCCCCCC=C)NC1=CC(C)=NN1C,4.827069929
CCCCCCCC\C=C/CCCCCCCCNC(=O)C(CCCCCOC(=O)CCCCCCCCC=C)NN1CCCCC1,6.223197272
CCCCCCCCCCCCCCCCCCNC(=O)C(CCCCCOC(=O)CCCCCCCCC=C)NN1CCCCC1,5.759926256
CCCCCCCCCCCCNC(=O)C(CCCCCOC(=O)CCCCCCCCC=C)NN1CCCCC1,6.79939331
CCCCCCCCCCCCCCNC(=O)C(CCCCCOC(=O)CCCCCCCCC=C)NN1CCCCC1,6.138492608
CCCCCCCCCCCCCCCCNC(=O)C(CCCCCOC(=O)CCCCCCCCC=C)NN1CCCCC1,6.018542669
CCCCCCCC\C=C/CCCCCCCCNC(=O)C(CCCCCOC(=O)CCCCCCCCC=C)NCCN(CCN)CCN,2.561943008
CCCCCCCCCCCCCCCCCCNC(=O)C(CCCCCOC(=O)CCCCCCCCC=C)NCCN(CCN)CCN,6.871928859
CCCCCCCCCCCCNC(=O)C(CCCCCOC(=O)CCCCCCCCC=C)NCCN(CCN)CCN,4.562766755
CCCCCCCCCCCCCCNC(=O)C(CCCCCOC(=O)CCCCCCCCC=C)NCCN(CCN)CCN,5.69454336
CCCCCCCCCCCCCCCCNC(=O)C(CCCCCOC(=O)CCCCCCCCC=C)NCCN(CCN)CCN,4.05806736
CCCCCCCC\C=C/CCCCCCCCNC(=O)C(CCCCCOC(=O)CCCCCCCCC=C)NCCN1CCCC1,8.738655263
CCCCCCCCCCCCCCCCCCNC(=O)C(CCCCCOC(=O)CCCCCCCCC=C)NCCN1CCCC1,6.508224298
CCCCCCCCCCCCNC(=O)C(CCCCCOC(=O)CCCCCCCCC=C)NCCN1CCCC1,7.868776704
CCCCCCCCCCCCCCNC(=O)C(CCCCCOC(=O)CCCCCCCCC=C)NCCN1CCCC1,7.891502398
CCCCCCCCCCCCCCCCNC(=O)C(CCCCCOC(=O)CCCCCCCCC=C)NCCN1CCCC1,6.660352611
CCCCCCCC\C=C/CCCCCCCCNC(=O)C(CCCCCOC(=O)CCCCCCCCC=C)NCCN1CCCCC1,8.088346575
CCCCCCCCCCCCCCCCCCNC(=O)C(CCCCCOC(=O)CCCCCCCCC=C)NCCN1CCCCC1,4.361212115
CCCCCCCCCCCCNC(=O)C(CCCCCOC(=O)CCCCCCCCC=C)NCCN1CCCCC1,7.363993802
CCCCCCCCCCCCCCNC(=O)C(CCCCCOC(=O)CCCCCCCCC=C)NCCN1CCCCC1,6.956187498
CCCCCCCCCCCCCCCCNC(=O)C(CCCCCOC(=O)CCCCCCCCC=C)NCCN1CCCCC1,4.066541169
CCCCCCCC\C=C/CCCCCCCCNC(=O)C(CCCCCOC(=O)CCCCCCCCC=C)NCCN(C(C)C)C(C)C,6.501837185
CCCCCCCCCCCCCCCCCCNC(=O)C(CCCCCOC(=O)CCCCCCCCC=C)NCCN(C(C)C)C(C)C,6.142469434
CCCCCCCCCCCCNC(=O)C(CCCCCOC(=O)CCCCCCCCC=C)NCCN(C(C)C)C(C)C,8.177132948
CCCCCCCCCCCCCCNC(=O)C(CCCCCOC(=O)CCCCCCCCC=C)NCCN(C(C)C)C(C)C,-0.080868776
CCCCCCCCCCCCCCCCNC(=O)C(CCCCCOC(=O)CCCCCCCCC=C)NCCN(C(C)C)C(C)C,6.261474087
